channel_name,video_id,title,published_at,view_count,like_count,comment_count
Cocomelon - Nursery Rhymes,4nsWmFt2bPU,"It's Time for Bed, JJ! Goodnight! 😴💤🌙 #cocomelon #kids #shorts",2026-08-19T12:01:31Z,144904,2063,0.0
Cocomelon - Nursery Rhymes,vFdBQ64gZf4,Humpty Dumpty at School with JJ's Friends | CoComelon Nursery Rhymes & Kids Songs,2026-08-18T07:00:29Z,242012,836,0.0
Cocomelon - Nursery Rhymes,lIjx8WqqpxI,Let's Decorate JJ's School Backpack! 🎒 Easy CoComelon Crafts 🎨 #kids #shorts,2026-08-17T12:00:20Z,302133,2905,0.0
Cocomelon - Nursery Rhymes,AGZFMMgMIEo,I Love to Go to School! ❤️🚌 Back to School Bus Toy Play #cocomelon #kids #shorts,2026-08-16T12:00:38Z,612486,5895,0.0
Cocomelon - Nursery Rhymes,O0nV7hJ9qzk,Potty Training Song | CoComelon Nursery Rhymes & Kids Songs,2026-08-15T07:00:06Z,755609,1450,0.0
Cocomelon - Nursery Rhymes,7NMvvPL76tU,Pat-a-Cake! Sing Along with JJ & Cody 🎂 #cocomelon #kids #shorts,2026-08-14T12:00:50Z,1250253,12031,0.0
Cocomelon - Nursery Rhymes,Gfcybr0q-HA,Bus Wash Song and Wheels on the Animal Bus | CoComelon Nursery Rhymes & Kids Songs,2026-08-13T07:00:33Z,2106457,2708,0.0
Cocomelon - Nursery Rhymes,gJ_8xQ8a7ME,Let's Stack Healthy Fruit with JJ! 🍎🍉🍊🍍🍌 #cocomelon #kids #shorts,2026-08-12T12:00:29Z,1417538,15798,0.0
Cocomelon - Nursery Rhymes,3G8OSUZgPCw,Clap Along with JJ and His Siblings | Beach Boom-Clap | CoComelon Nursery Rhymes & Kids Songs,2026-08-11T07:00:38Z,802606,1753,0.0
Cocomelon - Nursery Rhymes,fwkmBfDfWUc,Wheels on the Bus! 🚌 Back to School Song! 🎒 #cocomelon #kids #shorts,2026-08-10T12:00:06Z,4288065,23264,0.0
Cocomelon - Nursery Rhymes,TFxvacs1-IE,Can You Name the Colorful Fruit in JELLO?! 🍉🍓🍋🍊 Toy Play #cocomelon #shorts,2026-08-09T12:00:27Z,1225856,12530,0.0
Cocomelon - Nursery Rhymes,tgFynI0l06U,Old MacDonald Had A Farm + More 🐮 Classic Nursery Rhymes &  CoComelon Kids Songs,2026-08-08T07:00:29Z,1694352,2453,0.0
Cocomelon - Nursery Rhymes,udEJJh19v6E,CoComelon: The Movie | Official Teaser Trailer,2026-08-06T15:01:02Z,834718,8075,0.0
Cocomelon - Nursery Rhymes,-rzG116pLbw,CoComelon: The Movie | Official Teaser Trailer,2026-08-06T15:00:37Z,796541,4004,0.0
Cocomelon - Nursery Rhymes,kjR0g0vjXb0,Rainbow Color Matching Game! 🌈 #cocomelon #kids #shorts,2026-08-05T12:00:04Z,1445921,9063,0.0
Cocomelon - Nursery Rhymes,hqehvbhky5k,On My Way To School | JJ Races his Friends! | CoComelon Nursery Rhymes and Kids Songs,2026-08-04T07:00:09Z,1626778,2912,0.0
Cocomelon - Nursery Rhymes,Zu1MRVuc8RM,Wheels on the Bus! 🚌 DIY CoComelon Paper Craft! ✂️ #Shorts,2026-08-03T12:01:11Z,3235584,15278,0.0
Cocomelon - Nursery Rhymes,bIuTwASXHvg,Eat Your Healthy Green Vegetables JJ! 🥦 #Cocomelon #Kids #Shorts,2026-08-02T12:00:05Z,5130301,36712,0.0
Cocomelon - Nursery Rhymes,F_wuTLqVY7k,At Home Science Experiments | Floor is Lava Challenge | CoComelon Nursery Rhymes,2026-08-01T07:00:31Z,2055009,1975,0.0
Cocomelon - Nursery Rhymes,oDj-MUAsTI4,Easy CoComelon Crafts! DIY Boba Bear! #shorts #cocomelon,2026-07-31T12:00:13Z,1932400,15943,0.0
Cocomelon - Nursery Rhymes,vMH1M0px_-s,Play with Cats 🐈 | Cece Had a Little Cat | Animals and Pets | CoComelon Nursery Rhymes,2026-07-30T07:00:34Z,2529214,2624,0.0
Cocomelon - Nursery Rhymes,Gsn9eOqFOdA,Toy Play with JJ & Bingo 🐶 Finding Bingo's Bone! 🦴 #cocomelon #kids #shorts,2026-07-29T12:00:30Z,1101534,8913,0.0
Cocomelon - Nursery Rhymes,joP2XFA9WGA,Lost in the Forest Song ⭐ Fireflies Lullaby | JJ's Animal Time - CoComelon Kids Songs,2026-07-28T07:00:08Z,689559,1125,0.0
Cocomelon - Nursery Rhymes,zOD7MNxXbmE,Let's do the BELLY BUTTON DANCE! #cocomelon,2026-07-27T12:00:37Z,1425774,12704,0.0
Cocomelon - Nursery Rhymes,NA35NQX59yk,Make a Boba Bear Out of Fruit! 🍊🍓🐻 Easy DIY Crafts for Kids #cocomelon,2026-07-26T12:00:34Z,2080428,15048,0.0
Cocomelon - Nursery Rhymes,NzWX-S_ZRH4,Peekaboo I See You - Animal Play Pretend | CoComelon Nursery Rhymes and Kids Songs,2026-07-25T07:00:25Z,2699151,1957,0.0
Cocomelon - Nursery Rhymes,2PU1Cw9V0jE,APPLES and BANANAS! 🍎🍌 Let's Learn with Ms. Appleberry! #cocomelon #kids #videos,2026-07-24T12:00:15Z,1938410,15153,0.0
Cocomelon - Nursery Rhymes,VVrT0wnLcT0,Beach Day Sports & Bath Time Ocean Rescue! | Best Summer Songs For Kids | CoComelon Nursery Rhymes,2026-07-23T07:00:34Z,4269349,4164,0.0
Cocomelon - Nursery Rhymes,XhRyItNl2oE,Can You Name the Colors? 🌈 Balloon Pop with JJ! 🎈 Learn Through Play! #Cocomelon #Kids #Shorts,2026-07-22T12:00:12Z,6134514,31354,0.0
Cocomelon - Nursery Rhymes,wfwvrawZDs8,Happy Birthday Song! | Best Party Games 🎊 | CoComelon Nursery Rhymes and Kids Songs,2026-07-21T07:00:40Z,1751318,2431,0.0
Cocomelon - Nursery Rhymes,SeZP3S_NV5U,What Rhymes with Bear? 🐻 Let's Learn Rhyming Words! #Cocomelon #Shorts,2026-07-20T12:00:53Z,1563289,11109,0.0
Cocomelon - Nursery Rhymes,Bhm3DdEw0gI,What's Under the CoComelon!? 🍉 Color Matching Game! 🪣 #kids #shorts,2026-07-19T12:00:06Z,2402607,19873,0.0
Cocomelon - Nursery Rhymes,5temoFssh1g,Pool Day with JJ! | 🥽 Swim and Splash Song | CoComelon Nursery Rhymes and Kids Songs,2026-07-18T07:00:06Z,3571905,2681,0.0
Cocomelon - Nursery Rhymes,i1HbvQXe0gk,Puzzle Game Fun with JJ & Boba Bear! 🧩 CoComelon Let's Play! #Kids #Shorts,2026-07-17T12:00:27Z,1446560,10614,0.0
Cocomelon - Nursery Rhymes,ycabAQONvgY,Learn About Dinosaurs with Cody! | Dinosaur Safari | CoComelon Nursery Rhymes,2026-07-16T07:00:09Z,2620227,2106,0.0
Cocomelon - Nursery Rhymes,GEgzifTxm8c,JJ and Boba Bear Are Best Friends! 🐻❤️ #Cocomelon #Kids #Shorts,2026-07-15T12:00:27Z,11856625,89366,0.0
Cocomelon - Nursery Rhymes,2wxa2T-J1hM,Teddy Bear Teddy Bear Yoga Class | Mommy and Me | CoComelon Nursery Rhymes and Kids Songs,2026-07-14T07:00:28Z,5721435,7841,0.0
Cocomelon - Nursery Rhymes,E3ozn4uBbKA,Let's Draw 5 Little Ducks! 🦆✏️ CoComelon Draw With Me #shorts,2026-07-12T12:00:20Z,2803274,15301,0.0
Cocomelon - Nursery Rhymes,bizkeEUFDo0,A to Z Letters With Ms. Appleberry & Mr. Acorn! 🔤✨ Learn the Alphabet #cocomelon #shorts,2026-07-12T10:00:37Z,3233256,26327,0.0
Cocomelon - Nursery Rhymes,-znoP8-rfDE,Sing Along with JJ and Cece | 🌞 JJ Song VS CeCe's World | CoComelon Nursery Rhymes and Kids Songs,2026-07-11T07:00:06Z,4465171,3880,0.0
Cocomelon - Nursery Rhymes,GzZJN6BsDoY,Which Animal Makes That Sound?! 🐄🐷🐑 Ms Appleberry's Animal Sounds Toy Play #Shorts,2026-07-10T12:00:45Z,3203271,28873,0.0
Cocomelon - Nursery Rhymes,49l-6Mo5gRI,Best Friends Playtime & Games | Where is JJ? | CoComelon Nursery Rhymes and Kids Songs,2026-07-09T07:00:31Z,2608075,2736,0.0
Cocomelon - Nursery Rhymes,xIOWrybCfKk,Learn Colors With Music! 🎵🌈 Boba Bear's Xylophone Instrument Fun! #cocomelon #shorts,2026-07-08T12:00:38Z,3410714,28855,0.0
Cocomelon - Nursery Rhymes,n2puCPKOGFI,Wheels on the Bus 🚌 Back to School with JJ! | CoComelon Nursery Rhymes & Kids Songs,2026-07-07T07:00:29Z,12776574,18764,0.0
Cocomelon - Nursery Rhymes,2XMT9XZxMjc,Let's Make COOKIES Together! 🍪🔵🟩 #shapes,2026-07-06T12:00:15Z,2104584,14176,0.0
Cocomelon - Nursery Rhymes,MlSxpgu_OjA,Let's Get Ready for the Day! 😄🪥 JJ's Morning Routine! #cocomelon #shorts,2026-07-05T12:00:01Z,3767536,39367,0.0
Cocomelon - Nursery Rhymes,lZlonwcIQ5w,Happy Birthday JJ! 🎂 A CoComelon Celebration 🥳 | CoComelon Nursery Rhymes & Kids Songs,2026-07-04T07:00:15Z,1977850,2534,0.0
Cocomelon - Nursery Rhymes,3w1W9tIU9cg,Do You Know Your Colors?! 🌈 🎨 Color Sorting for Kids #cocomelon #color #shorts,2026-07-03T12:00:21Z,3747447,23559,0.0
Cocomelon - Nursery Rhymes,IOB7iTsG1G0,Baby Shark Rainbow 🌈 Learn Colors and Sea Creatures | CoComelon Nursery Rhymes & Kids Songs,2026-07-02T07:00:22Z,4273125,4846,0.0
Cocomelon - Nursery Rhymes,r74xFYYnPs0,JJ and Mom Bake Yummy Cookies! ❤️🍪 #cocomelon #toys #shorts,2026-07-01T12:00:38Z,1916956,13938,0.0
Cocomelon - Nursery Rhymes,egyghUUQt4s,Just Imagine! 🤩 Make Believe and Play Pretend! | CoComelon Nursery Rhymes & Kids Songs,2026-06-30T07:00:27Z,4073131,5941,0.0
Cocomelon - Nursery Rhymes,pTUdInPk54E,Let's Play Hide and Seek with JJ and Friends! 👀 Toy Play #Cocomelon,2026-06-29T12:00:07Z,1491774,10892,0.0
Cocomelon - Nursery Rhymes,p-UgGA7EQfM,Can JJ Do 5 Soccer Kick Ups?! ⚽🏆 Learn to Count #Soccer #Football #Shorts,2026-06-28T12:00:17Z,5697001,38054,0.0
Cocomelon - Nursery Rhymes,gtif4EVEYBU,Wheels on the Bus in the Playground! 🚌 Outdoor Race  | CoComelon Nursery Rhymes & Kids Songs,2026-06-27T07:00:36Z,3829737,2826,0.0
Cocomelon - Nursery Rhymes,Of_1TPu1Ge4,Sing Along with 3 Little Ducks! 🎶🦆✨ #Cocomelon #Shorts,2026-06-26T12:00:21Z,3331915,27666,0.0
Cocomelon - Nursery Rhymes,N-FV1LGtCqg,If You're Happy and You Know It | Playing at the Beach | JJ's Animal Time - CoComelon Kids Songs,2026-06-25T07:00:10Z,3913919,2790,0.0
Cocomelon - Nursery Rhymes,w0edL-jIuWE,Oh No! JJ's Camping Tent Is Broken! ⛺😲 Can We Fix It? 🔧✨ #cocomelon #Shorts,2026-06-24T12:00:35Z,1925225,11656,0.0
Cocomelon - Nursery Rhymes,i1yHAg9cpU4,Ten in the Bed | Count and Sing with JJ and Friends | CoComelon Nursery Rhymes & Kids Songs,2026-06-23T07:00:28Z,11108414,12754,0.0
Cocomelon - Nursery Rhymes,GvwkgWyvGpY,What Do You Know About Penguins? 🐧 Let's Learn with Ms. Appleberry! ✨ Toy Play #Shorts,2026-06-22T12:00:03Z,2543228,18286,0.0
Cocomelon - Nursery Rhymes,ckRSYNDLG-4,K is for KICK ⚽️ Sing Along to Soccer ABCs! ✨,2026-06-21T12:00:07Z,2644382,18597,0.0
Cocomelon - Nursery Rhymes,RV9qK05aBQ0,London Bridge Beach Song | CoComelon Nursery Rhymes & Kids Songs,2026-06-20T07:00:08Z,8700342,5018,0.0
Cocomelon - Nursery Rhymes,XORfv1eqS9k,Is It a Fruit or a Vegetable?! 🤔🍎🥕 Let's Play the Food Game!,2026-06-19T12:00:37Z,2436021,16399,0.0
Cocomelon - Nursery Rhymes,_Lw5pHXGZhs,Twinkle Twinkle Shiny Shoes | Grocery Store Dance Game | CoComelon Nursery Rhymes for Kids,2026-06-18T07:00:17Z,12758160,8056,0.0
Cocomelon - Nursery Rhymes,WQM0JbUYf8U,🍦 Colorful Ice Cream Fun with Boba Bear! 🌈🐻 Learn Colors #Shorts,2026-06-17T12:00:15Z,1899227,11719,0.0
Cocomelon - Nursery Rhymes,0D_-pW_GgvI,Camping with Dad! 🔦 Fireflies & Backyard Camping ⛺ | CoComelon Nursery Rhymes & Kids Songs,2026-06-16T07:00:38Z,2764697,4695,0.0
Cocomelon - Nursery Rhymes,lQbNo-Jn_Mo,Cody Needs Help! 😲 Let's Bake Cookies & Clean Up! 🍪✨,2026-06-15T12:00:23Z,2605264,15331,0.0
Cocomelon - Nursery Rhymes,gVFS6ux_jWo,Let’s Count Sheep to Fall Asleep! 🌙💤🐑 Bedtime with JJ and Boba Bear,2026-06-14T12:00:32Z,2424856,12331,0.0
Cocomelon - Nursery Rhymes,HACCFmy1vCI,Father's Day Special Sing-Along | I Can Be Like You | CoComelon Nursery Rhymes & Kids Songs,2026-06-13T07:00:37Z,5285955,4013,0.0
Cocomelon - Nursery Rhymes,DBEcOlEiWS8,🍕 Let's Make the YUMMIEST Pizza Ever! 😋🍕 Pretend Play #Shorts,2026-06-12T12:01:19Z,2615055,15756,0.0
Cocomelon - Nursery Rhymes,qFcYmJ86o3k,Football Song! 🏆Summer Champions | Play Together | CoComelon Nursery Rhymes & Kids Songs,2026-06-11T07:00:07Z,5410567,4290,0.0
Cocomelon - Nursery Rhymes,jdB8D0S83cA,Let's Learn to Count Butterflies with JJ and Boba Bear! 🦋🦋,2026-06-10T12:00:31Z,1625624,9867,0.0
Cocomelon - Nursery Rhymes,CJkOp4bkNak,Apples and Bananas 🍎| NEW 🍌 JJ's Animal Time | CoComelon Nursery Rhymes & Kids Songs,2026-06-09T07:00:00Z,6362518,6286,0.0
Cocomelon - Nursery Rhymes,UW8X_WUSG1Y,Let's Make Colorful Cupcakes! 🧁 Learn Colors 🌈,2026-06-08T12:00:21Z,4505166,32960,0.0
Cocomelon - Nursery Rhymes,P0NSnIJTQlY,Field Trip! 🚒 JJ and Friends Learn About Community Helpers #Cocomelon #Shorts,2026-06-07T12:00:18Z,1688735,11526,0.0
Cocomelon - Nursery Rhymes,9POF21wXLxw,Humpty Dumpty Outdoor Chase 🎈 | Big Balloon Adventure | CoComelon Nursery Rhymes & Songs for Kids,2026-06-06T07:00:00Z,16452125,16435,0.0
Cocomelon - Nursery Rhymes,MVnZfbCjQkY,Learn Colors with JJ and Cody! 🔴🟠🟡🟢🔵🟣#shorts #cocomelon,2026-06-05T12:00:08Z,1675451,12136,0.0
Cocomelon - Nursery Rhymes,bUp9WQfqnCg,Yes Yes Clean Up with Hello Kitty & Pompompurin 🧹🫧 | CoComelon Playdates with Sanrio Friends,2026-06-04T07:00:01Z,1488450,1373,0.0
Cocomelon - Nursery Rhymes,u9GdRxrxwnA,"CoComelon Crafts! My Bestie Bear, BOBA! 🧸 Easy DIY for Kids ✂️🖌️",2026-06-03T12:00:12Z,5368497,29117,0.0
Cocomelon - Nursery Rhymes,D7L_hNbq3do,Soccer Tournament Song & Play Pretend Animals 🫎⚽ | CoComelon Nursery Rhymes & Kids Songs,2026-06-02T07:00:01Z,7507616,8390,0.0
Cocomelon - Nursery Rhymes,PjFVTKGbJ2I,"Hello 1, 2, 3! Learn to Count Numbers with CoComelon Plate Painting! 🖌️",2026-06-01T12:00:03Z,5956629,29644,0.0
Cocomelon - Nursery Rhymes,KzJ5Pfqywx0,Can you MIX colors just by adding water💧🔴🟡? Let's Learn Together!,2026-05-31T12:00:03Z,2371766,11597,0.0
Cocomelon - Nursery Rhymes,6td9DWmD8XM,If You're Happy Dino Stomp & Counting Dinosaurs Song! | Dinosaur Day 🦕 | CoComelon Nursery Rhymes,2026-05-30T07:00:02Z,5233302,3233,0.0
Cocomelon - Nursery Rhymes,qeJBfS1O8B4,Name the Colors🎨! Water Drop Challenge! #kidslearning,2026-05-29T12:00:13Z,3025934,15066,0.0
Cocomelon - Nursery Rhymes,5mJsNhh2V6E,Sweet and Savory Delights 🥞 Yummy Food Song 🍜 | CoComelon Nursery Rhymes & Kids Songs,2026-05-28T07:00:00Z,2458241,1810,0.0
Cocomelon - Nursery Rhymes,jjKeFTKYJrI,Quack Quack! 🫧The Rubber Ducky LOVES a Bubble Bath🫧!,2026-05-27T12:00:12Z,2143653,15530,0.0
Cocomelon - Nursery Rhymes,-Uv4BF6iSfE,"Construction Vehicles Song - Dump Trucks, Excavators +  More | CoComelon Nursery Rhymes & Kids Songs",2026-05-26T07:00:00Z,2485821,4111,0.0
Cocomelon - Nursery Rhymes,dhO_9nNbcg8,DIY Painting of Boba BEAR🧸! Craft your Best Friend! #kidscrafts,2026-05-25T12:00:54Z,2926233,16333,0.0
Cocomelon - Nursery Rhymes,qvKA_VSV_js,Super BABIES Rescue a Fire Truck 🦸🚒?! Toy Play Story!,2026-05-24T12:00:58Z,2226449,14986,0.0
Cocomelon - Nursery Rhymes,y8tEumj-rOQ,Me and My Trike 🚲 and My Best Friend Cody's Playdate | CoComelon Nursery Rhymes and Songs for Kids,2026-05-23T07:00:38Z,6094617,4573,0.0
Cocomelon - Nursery Rhymes,U6vCN4UkCCs,"Ready, Let's COLOR! 🟢🔵 Colorful Drawing Fun with Cody and JJ 👨‍🎨🎨",2026-05-22T12:00:40Z,2989958,20576,0.0
Cocomelon - Nursery Rhymes,XwL97sf7FHE,Rock Paper Scissors 😍🔦Shadow Puppets with Hello Kitty & Friends | CoComelon Playdates,2026-05-21T07:00:22Z,1185591,1266,0.0
Cocomelon - Nursery Rhymes,S02qtzghgzg,Big Sister Helps Baby Brother Wash his Hands🧼🫧! Clean UP Together!,2026-05-20T12:00:40Z,3836852,29009,0.0
Cocomelon - Nursery Rhymes,FWx3IFnvoas,Play Like A Dinosaur | Imagination & Play Pretend with JJ 🦖 | CoComelon Nursery Rhymes & Kids Songs,2026-05-19T07:00:13Z,8630588,10581,0.0
Cocomelon - Nursery Rhymes,gNAwoonPRlM,Put the Ball in the Bucket🔴🔵🟡! Color Matching Game!,2026-05-18T12:01:10Z,5600564,33305,0.0
Cocomelon - Nursery Rhymes,51qrG7SI0GM,Guess the Color of the Baby SHARK🦈🌈! Doo Doo DOO Learn Colors!,2026-05-17T11:00:12Z,2027204,12416,0.0
Cocomelon - Nursery Rhymes,5Es-WhgMM1o,"Baking Muffins with JJ, Cody, and Nina 🧁 | Super Muffin Man | CoComelon Nursery Rhymes & Kids Songs",2026-05-16T07:00:04Z,7445924,4571,0.0
Cocomelon - Nursery Rhymes,ct8717IMihg,Ring ring ring! It's a BANANA DOG🍌🐶!,2026-05-15T12:01:10Z,2186792,13814,0.0
Cocomelon - Nursery Rhymes,wLZ1AEgwxzQ,Taekwondo & Yoga Song 🧘 | Stay Active and Healthy | CoComelon Nursery Rhymes & Kids Songs,2026-05-14T07:00:52Z,2093783,2306,0.0
Cocomelon - Nursery Rhymes,eUpyQFF-4vY,Learn to Brush your Teeth 🦷 in the SKY🌙! Bedtime Routine!,2026-05-13T12:01:09Z,3674309,32049,0.0
Cocomelon - Nursery Rhymes,9_R9sQHrzLY,Happy & You Know It 🌊 | NEW ⭐ JJ's Animal Time | CoComelon Nursery Rhymes & Kids Songs,2026-05-12T07:00:12Z,3047917,4322,0.0
Cocomelon - Nursery Rhymes,dGlonEIK7Io,A is for Apple🍎! Learn ABCs with JJ!,2026-05-11T12:01:15Z,7122445,38156,0.0
Cocomelon - Nursery Rhymes,9CNaOcfOp1Q,We have to find Boba Bear before BEDTIME🥱💤! #cocomelon,2026-05-10T12:00:17Z,2067197,12607,0.0
Cocomelon - Nursery Rhymes,Z11F-qAXrzw,Train Choo Choo Song 🚂 | Train Adventure! | CoComelon Nursery Rhymes & Kids Songs,2026-05-09T07:00:25Z,7882030,4860,0.0
Cocomelon - Nursery Rhymes,SIqrr_TiK4Y,Learn Colors with the Wheels on the Bus🚌! Best Friend Reveal!,2026-05-08T12:00:51Z,3566776,20828,0.0
Cocomelon - Nursery Rhymes,-vIiyEEYQpo,Peekaboo with JJ & Hello Kitty | @CoComelonSanrioPlaydates | CoComelon Nursery Rhymes & Kids Songs,2026-05-07T07:00:01Z,970030,1295,0.0
Cocomelon - Nursery Rhymes,9wB1EK5PC24,Where Do the Shapes Belong⭐🟥?! Try Try Try again!  #shapes,2026-05-06T12:00:16Z,4540261,30149,0.0
Cocomelon - Nursery Rhymes,j-4oEegdLrE,Fast Little Fishy Splash Water Park Adventure 🛝 🐟 | CoComelon Nursery Rhymes & Kids Songs,2026-05-05T07:00:44Z,6121394,6005,0.0
Cocomelon - Nursery Rhymes,dVQIo-rNBNc,Cody! Let's Tell a Story with SHAPES⭐🟥🟢! #story #kids,2026-05-04T12:01:08Z,2373177,16318,0.0
Cocomelon - Nursery Rhymes,PxuIc3aCVyY,Count to 10 Squishy Ice Cream Cones🍦🍦🍦! Let's Learn Together! #shorts #icecream,2026-05-03T12:00:47Z,2449558,18271,0.0
Cocomelon - Nursery Rhymes,ZZ4otSTgb94,What Makes Me Happy 😃 | Shadow Puppets Dance in The Night | CoComelon Nursery Rhymes & Kids Songs,2026-05-02T07:00:25Z,2292927,2097,0.0
Cocomelon - Nursery Rhymes,apMIAKtIUKs,Where is JJ hiding?! 🫣 Play PeekaBOOO I see YOU! #shorts,2026-05-01T12:00:08Z,2509249,16071,0.0
Cocomelon - Nursery Rhymes,S14Kn6fy6U8,Slow Down! Morning Routine & I Can Do It! 🥾 | CoComelon Nursery Rhymes & Kids Songs,2026-04-30T07:00:23Z,3879418,2946,0.0
Cocomelon - Nursery Rhymes,PuUotuHT-Lg,Let's Learn ABCD! Alphabet with PlayDoh! #shorts,2026-04-29T12:00:57Z,3668874,28038,0.0
Cocomelon - Nursery Rhymes,oc9L4T3kjrc,Rain Rain Go Away! ☔ | NEW 🐜 JJ's Animal Time | CoComelon Nursery Rhymes & Kids Songs,2026-04-28T07:00:52Z,10659205,8572,0.0
Cocomelon - Nursery Rhymes,AStrJyPYI_0,PeekaBOO BOP 🪩🎶! Baby DJ has a new REMIX! #shorts #kidsdance,2026-04-27T12:00:31Z,2947522,23369,0.0
Cocomelon - Nursery Rhymes,OB1b9SeDb8o,Who's Behind the MYSTERY Door⁉️ Knock Knock and Find out! #shorts,2026-04-26T12:00:44Z,2911456,17018,0.0
Cocomelon - Nursery Rhymes,OQnWi8xtDdE,Belly Button Bath Song! 🛁 | Bath Time with Mommy! | CoComelon Nursery Rhymes & Kids Songs,2026-04-25T07:00:15Z,1873977,2260,0.0
Cocomelon - Nursery Rhymes,Ws3O_fSV0YI,Easy CoComelon Crafts! DIY Boba Bear 1-2-3! #shorts #cocomelon,2026-04-24T12:01:04Z,2681188,19062,0.0
Cocomelon - Nursery Rhymes,MVwVGtMLUZg,Head Shoulders Knees and Toes 🤖 | @CoComelonSanrioPlaydates | CoComelon - Nursery Rhymes,2026-04-23T07:00:18Z,930972,989,0.0
Cocomelon - Nursery Rhymes,CyNerca8Mls,Baby Shark Easy Drawing for Kids! Real Water🦈! #shorts,2026-04-22T12:00:20Z,3811135,23259,0.0
Cocomelon - Nursery Rhymes,aYmJ7L4pQ1k,Five Little Ducks Bath Time 🛁 | Count the Baby Ducks! 12345 🦆| CoComelon Nursery Rhymes & Kids Songs,2026-04-21T07:00:03Z,6219134,7535,0.0
Cocomelon - Nursery Rhymes,3fwZOh2Y-zE,Learn to Count with Super Fast Cars🏎️💨! #shorts #kidslearning,2026-04-20T12:00:12Z,4126171,24855,0.0
Cocomelon - Nursery Rhymes,0zhY7lxKhLw,Guess the ANIMAL sound at the farm🐮! Who says MOOO? #shorts #animalshorts,2026-04-19T12:00:03Z,7192283,48418,0.0
Cocomelon - Nursery Rhymes,MkVCfQPn5d8,Three Little Pigs & The Pirate Ship! 🐷🏴‍☠️ | World Book Day | CoComelon Nursery Rhymes & Kids Songs,2026-04-18T07:00:16Z,2019845,2685,0.0
Cocomelon - Nursery Rhymes,G_NVgo1GVYo,What shape is a donut 🍩?! Yummy Snack Lessons! #shorts,2026-04-17T13:00:26Z,3783206,20424,0.0
Cocomelon - Nursery Rhymes,9JeODBufer0,Wheels on the Monkey Bus & Cardboard Bus Ride! 🐵🚍 | CoComelon Nursery Rhymes & Kids Songs,2026-04-16T07:00:15Z,2982627,4738,0.0
Cocomelon - Nursery Rhymes,FjwwQhOJz7Q,Mixing Colors and Shapes with JELLO 🔴 🔵 🟢! Learning Colors for Kids! #shorts #jello,2026-04-15T12:00:27Z,19159885,94382,0.0
Cocomelon - Nursery Rhymes,laj8y2ELBHo,Down by the Bay 🏖️ Fantasy Animals Come to Life! | CoComelon Nursery Rhymes & Kids Songs,2026-04-14T07:00:44Z,3431403,4452,0.0
Cocomelon - Nursery Rhymes,R6KLFxgDAB4,Learn Colors🔴🟠🟡🟢🔵🟣 with Balls and Boba🧸! Catch that ball! #shorts,2026-04-12T11:00:38Z,11413940,75699,0.0
Cocomelon - Nursery Rhymes,ajH6TMoiHyw,Yes Yes Save the Earth & the Recycling Truck! | 🌍Earth Day | CoComelon Nursery Rhymes & Kids Songs,2026-04-11T07:00:01Z,2466570,2734,0.0
Cocomelon - Nursery Rhymes,3JHcBiJqTg0,Can you get JJ ready for bed💤?! Sleepy time! #shorts,2026-04-10T13:00:16Z,4348519,26285,0.0
Cocomelon - Nursery Rhymes,2d9HsxbR1Po,Old MacDonald Had a Farm! 🐮 | @CoComelonSanrioPlaydates | CoComelon - Nursery Rhymes,2026-04-09T07:00:05Z,1084955,1318,0.0
Cocomelon - Nursery Rhymes,QX8fpVbAUF0,Who's the MYSTERY Friend Behind JJ⁉️🤔?! #shorts,2026-04-08T12:00:57Z,3774666,22969,0.0
Cocomelon - Nursery Rhymes,HHvM8DmgjAA,Wheels on the Lullaby Bus! ⭐ | NEW 🚍 JJ's Animal Time | CoComelon Nursery Rhymes & Kids Songs,2026-04-07T07:00:11Z,5880490,7550,0.0
Cocomelon - Nursery Rhymes,y8Q6Y6hh8qI,Oh no! The Block Tower Fell Down! 😲 🟥🟦 Can YOU rebuild it? #shorts,2026-04-06T12:01:45Z,4384561,25473,0.0
Cocomelon - Nursery Rhymes,KZnD4_t2GZE,Can you count the baby chicks 🐣🐥 with me? #shorts,2026-04-05T12:00:34Z,6932915,39118,0.0
Cocomelon - Nursery Rhymes,vtUNV2qxlo8,Ten Little Duckies! 🐣 Easter Count and Craft | CoComelon Nursery Rhymes & Kids Songs,2026-04-04T07:00:59Z,3215773,3024,0.0
Cocomelon - Nursery Rhymes,4sTikdhx0Dk,Belly Button Dance REMIX! Learn about the Body AND Colors! #shorts,2026-04-03T12:00:07Z,4364161,28112,0.0
Cocomelon - Nursery Rhymes,J9DpIj1fcqQ,The Rainbow Popsicle Cafe 🌈🍧 + Super Muffin Man 🧁 | CoComelon Nursery Rhymes & Kids Songs,2026-04-02T07:00:22Z,21133927,16973,0.0
Cocomelon - Nursery Rhymes,nW4Gb-bGBlo,🍌Look out for the BANANAS🍌?! Silly Banana Car Race🏎️! #shorts,2026-04-01T12:00:51Z,4314817,30766,0.0
Cocomelon - Nursery Rhymes,qJIYkbAgR8c,Yes Yes Vegetables | 🥕 The Hungry Easter Bunny! 🐰 | CoComelon Nursery Rhymes & Kids Songs,2026-03-31T07:00:37Z,15047788,16405,0.0
Cocomelon - Nursery Rhymes,tiDMcdNkWws,What color should we paint the carrot🥕? How about a lemon🍋?! Easy Crafts! #shorts,2026-03-30T12:01:06Z,3945048,22863,0.0
Cocomelon - Nursery Rhymes,SmlogKzlE_Q,🚜 Hop in the Tractor to Find all the Animals🐑🐮 at the Farm! #shorts,2026-03-29T12:00:21Z,3457606,24277,0.0
Cocomelon - Nursery Rhymes,5HOTTORooSA,12345 Once I Caught A Fish Alive! 🐟 | Learn to Count & ABC | CoComelon Nursery Rhymes & Kids Songs,2026-03-28T08:30:04Z,3229264,3841,0.0
Cocomelon - Nursery Rhymes,l15Ha8R3Qvs,Pop the Balloon 🎈 and Find the Colorful TOY🧸! What's inside? #shorts,2026-03-27T14:01:01Z,2866602,21241,0.0
Cocomelon - Nursery Rhymes,ayzHrmSO0dk,Spring Has Come 🪷 Magic Flower Song! | @CoComelonSanrioPlaydates | CoComelon - Nursery Rhymes,2026-03-26T08:00:02Z,1871411,2560,0.0
Cocomelon - Nursery Rhymes,axd6Uf79dR0,Spin the Wheel and Learn How you Feel 😆😭😮! Emotions for Toddlers! #shorts,2026-03-25T14:00:04Z,4625229,26664,0.0
Cocomelon - Nursery Rhymes,3SuHNcKaGew,Get Your Wiggles Out with Ms. Appleberry! | Let's Move with CoComelon Nursery Rhymes & Kids Songs,2026-03-24T08:00:04Z,3530923,4895,0.0
Cocomelon - Nursery Rhymes,pJBSiS1jyI0,Cardboard ✂️ + Magnets = ⛸️ DIY Skating Rink with Toys! #shorts #diy,2026-03-23T13:01:32Z,3731746,21307,0.0
Cocomelon - Nursery Rhymes,CFIEh6nmwmU,Easy CoComelon Crafts! DIY Baby Cody Sled 1-2-3! #shorts #cocomelon,2026-03-22T13:00:24Z,4145839,21117,0.0
Cocomelon - Nursery Rhymes,_oFXUfmXndQ,Yes Yes Playground Song | Play Outside | CoComelon Nursery Rhymes & Kids Songs,2026-03-21T08:00:36Z,2591249,3222,0.0
Cocomelon - Nursery Rhymes,Ovs3TDj-kjI,Who's hiding inside the MYSTERY EGGS🟣🟢🟡? Find the Color and Look Inside! #shorts,2026-03-20T13:00:46Z,3305417,27179,0.0
Cocomelon - Nursery Rhymes,DXxdWjBpdvo,Knock Knock! Who's Behind the MYSTERY Doors? 🚪🧸❓#shorts,2026-03-19T12:00:24Z,44083455,197666,0.0
Cocomelon - Nursery Rhymes,dI6T38uOC-o,JJ's New Best Friend B.I.N.G.O.! 🐶 | Puppy Day | CoComelon Nursery Rhymes & Kids Songs,2026-03-19T08:00:40Z,7707082,6130,0.0
Cocomelon - Nursery Rhymes,CVNkXYMBoyo,How to Do the BELLY BUTTON DANCE🎶! Learn about the body! #shorts #stepbystep,2026-03-18T13:00:31Z,5347629,33258,0.0
Cocomelon - Nursery Rhymes,1ghExMKMKuE,Car Wash Bath Time Dance! | Let's Move and Dance with CoComelon Nursery Rhymes & Kids Songs,2026-03-17T08:00:02Z,5483520,5754,0.0
Cocomelon - Nursery Rhymes,4J17zqQKLUs,Do The Baby Shark Dance with JJ!! 🦈🕺#babyshark,2026-03-16T12:00:16Z,3647328,24891,0.0
Cocomelon - Nursery Rhymes,JwM7cgA6Sns,"Ready, Set, Go! CoComelon Toy Race! 🚦🏎️ #toys",2026-03-15T12:00:34Z,3528556,22534,0.0
Cocomelon - Nursery Rhymes,WlO2G0HzBPE,"Yes, Yes Let's Get Dressed Song! | CoComelon Nursery Rhymes & Kids Songs",2026-03-14T08:00:26Z,7749867,4577,0.0
Cocomelon - Nursery Rhymes,6EUAoB2KlZ8,Happy Birthday! 🎈Let's Fly on a Balloon to Birthday Cake Land🎂! #shorts,2026-03-13T14:04:02Z,3993830,26581,0.0
Cocomelon - Nursery Rhymes,XVgwKy58LMs,Oh no! Poor JJ Fell Down! Sing the Boo Boo Song to Feel Better! 🧸🎵 #shorts,2026-03-12T12:01:03Z,3774145,24430,0.0
Cocomelon - Nursery Rhymes,0uZ4I3o-5eY,Twinkle Twinkle Little Star 🌟| @CoComelonSanrioPlaydates | CoComelon - Nursery Rhymes,2026-03-12T08:00:01Z,2112751,2081,0.0
Cocomelon - Nursery Rhymes,SLykRj5zhio,Catch the Bouncing BALL and Learn Colors 🔴🔵🟢 With JJ! #shorts,2026-03-11T12:01:00Z,3949980,22651,0.0
Cocomelon - Nursery Rhymes,s7jo6z6uvVA,My Bear Song 🧸| Sing Along with JJ & Boba Bear | CoComelon Nursery Rhymes & Kids Songs,2026-03-10T08:01:01Z,6281568,5901,0.0
Cocomelon - Nursery Rhymes,WaM40iFQ1-s,Listen with your EARS and Guess The Animal Sounds! 🐮🐷🐔 #shorts #animals,2026-03-09T12:00:59Z,4547401,23570,0.0
Cocomelon - Nursery Rhymes,dn7vCgSAygQ,Grab The Toys with a Claw Machine! 🧸🕹️😲 #kidsvideo #shorts,2026-03-08T12:01:09Z,2730199,16283,0.0
Cocomelon - Nursery Rhymes,Szrv_GG7PL4,Step by STEP Pipe Cleaner Flower Painting! 🌸🎨 #shorts,2026-03-07T12:00:57Z,3983704,20495,0.0
Cocomelon - Nursery Rhymes,88kMgs1Cyfw,Celebrate International Women’s Day with CoComelon | CoComelon Nursery Rhymes & Kids Songs,2026-03-07T08:00:06Z,3228803,2701,0.0
Cocomelon - Nursery Rhymes,v1E0bfeajdE,All ABOARD the Animal Train! Is that a little lion🫣🚂? #shorts,2026-03-05T12:01:33Z,2672056,15382,0.0
Cocomelon - Nursery Rhymes,2-r2jsXlsR4,Bananaphone Song🍌+ Apples and Bananas +  MORE CoComelon Nursery Rhymes & Kids Songs,2026-03-05T08:00:03Z,10570264,8838,0.0
Cocomelon - Nursery Rhymes,zRd2DIw3rO0,JUMP on the Rainbow Squares and Follow Along ✨ JJ's Disco Dance Routine! 🕺#shorts,2026-03-04T12:01:44Z,3746049,22638,0.0
Cocomelon - Nursery Rhymes,SE-RGg3kVNI,Do The Silly Silly Dance with JJ & Cody! | Let's Move with CoComelon Nursery Rhymes & Kids Songs,2026-03-03T08:00:21Z,3931361,5115,0.0
Cocomelon - Nursery Rhymes,hfaNuWwd54Q,Which animal starts with the LETTER C?😻 Can you FIND IT? #shorts,2026-03-02T12:01:13Z,2818167,15753,0.0
Cocomelon - Nursery Rhymes,19Z4p0NrjeI,Let's play Rock👊🤨 Paper🖐️😀 Scissors✌️😜 @CoComelonSanrioPlaydates,2026-03-01T12:00:02Z,3905160,17947,0.0
Cocomelon - Nursery Rhymes,Eg1ib84XXfE,P is for... POP! 💥🎈🤯 #kidslearning,2026-02-28T12:00:33Z,8451170,32810,0.0
Cocomelon - Nursery Rhymes,G8G5BhYcQ10,Wheels on the Super Hero Bus! | CoComelon Nursery Rhymes & Kids Songs,2026-02-28T08:00:28Z,10007349,9585,0.0
Cocomelon - Nursery Rhymes,lj7Y-A-RMR8,Down by the Bay Bubble Bath… With a WHALE!? 🫧🐳 #shorts,2026-02-26T12:01:26Z,4071894,29879,0.0
Cocomelon - Nursery Rhymes,BLh4bMKyaNw,Yes Yes Vegetables Song 🥕🫛🍅  | @CoComelonSanrioPlaydates | CoComelon - Nursery Rhymes & Kids Songs,2026-02-26T08:00:17Z,2177950,2806,0.0
Cocomelon - Nursery Rhymes,AKSN1P6PNhM,Stack the Colors with a Rainbow Toy Tower Challenge! 🔴🟠🟡🟢🔵🟣 #shorts,2026-02-24T12:00:30Z,3594816,20744,0.0
Cocomelon - Nursery Rhymes,sf5njJbR71Q,I Can Be Like You Song with Daddy & JJ! | CoComelon Nursery Rhymes & Kids Songs,2026-02-24T08:00:59Z,16875540,16648,0.0
Cocomelon - Nursery Rhymes,d8U_VPUlGFA,🎶 On My Belly 🎶 On My Belly 🎶 There’s a Belly Button! 🎶,2026-02-23T12:01:00Z,37765187,206363,0.0
Cocomelon - Nursery Rhymes,frSJSQRYklI,Learn Colors with Rainbow Balls! 🌈⚽ #kidslearning,2026-02-22T12:00:59Z,4495106,23382,0.0
Cocomelon - Nursery Rhymes,GKwQEChaygw,Let's Jump in Colorful Puddles🌈💦 #kidsvideo,2026-02-21T12:00:34Z,3197442,17386,0.0
Cocomelon - Nursery Rhymes,UZ4LF99rDM4,Yes Yes Finger Family Playground Song | CoComelon Nursery Rhymes & Kids Songs,2026-02-21T08:00:29Z,42965962,45350,0.0
Cocomelon - Nursery Rhymes,stepvrm-JRE,AWESOME CoComelon Kids DIY Paper Craft! 😮😮😮  @CoComelonSanrioPlaydates,2026-02-20T12:01:29Z,4848930,21609,0.0
Cocomelon - Nursery Rhymes,5YVAUVetqfg,JJ Loves Vegetables! 🥕 | Peas Song + Yes Yes Vegetables | Healthy Habits | CoComelon Nursery Rhymes,2026-02-19T08:00:06Z,3097546,3813,0.0
Cocomelon - Nursery Rhymes,KT-BVaBjWYU,Find the Hidden #toy Cody‼️😯 Ball Pit Hunt,2026-02-18T12:00:36Z,5085104,26526,0.0
Cocomelon - Nursery Rhymes,FBtWCKolEEU,Jumping at the Playground | Let's Move and Dance with CoComelon Nursery Rhymes & Kids Songs,2026-02-17T08:00:15Z,4451778,7989,0.0
Cocomelon - Nursery Rhymes,g9HSMAi16fY,Choose the Fruit! 🍎🍌🍍 DIY Healthy Snack 😋 #kidslearning,2026-02-16T12:01:10Z,4483922,22966,0.0
Cocomelon - Nursery Rhymes,TwogbbxZWrQ,Do The Belly Button Dance! 🕺🎶🫧 Sing & Dance Along,2026-02-15T12:00:44Z,10913135,65357,0.0
Cocomelon - Nursery Rhymes,EBiJsKOWNPs,I LOVE My Mommy! 💖 Valentine’s Baking with JJ,2026-02-14T12:00:20Z,7044274,42395,0.0
Cocomelon - Nursery Rhymes,d8EzXbugNWA,Bingo Had a Farm! Bingo + Old Macdonald Song 🐮🐄🐴🐖| CoComelon Nursery Rhymes & Kids Songs,2026-02-14T08:00:49Z,12160752,25773,0.0
Cocomelon - Nursery Rhymes,GuK69hAxw64,Yes Yes Vegetables Song! 🥦😋 @CoComelonSanrioPlaydates,2026-02-13T12:00:23Z,6097661,32582,0.0
Cocomelon - Nursery Rhymes,6t_GIN8YSYw,My Kitty Cat 🧡😺🧡 #valentinesday,2026-02-12T12:00:12Z,3951870,24105,0.0
Cocomelon - Nursery Rhymes,x5mSyamePRI,Wheels On The Bus with Hello Kitty! 🚌 | @CoComelonSanrioPlaydates | CoComelon - Nursery Rhymes,2026-02-12T08:01:12Z,3234125,4345,0.0
Cocomelon - Nursery Rhymes,niu6dQSF5io,Twinkle Twinkle Little Star ⭐😴 Hello Kitty & CoComelon,2026-02-11T12:01:27Z,3656859,18549,0.0
Cocomelon - Nursery Rhymes,hkqmk36TxQA,Belly Button Bath Time Song 🛁 | CoComelon Nursery Rhymes & Kids Songs,2026-02-10T08:00:52Z,18238732,15228,0.0
Cocomelon - Nursery Rhymes,ol0-P3JUUoI,Do The Baby Shark Dance 🦈🕺🏻 #kidssongs,2026-02-09T12:01:24Z,3610787,23964,0.0
Cocomelon - Nursery Rhymes,E-pi6ml98fc,Ball Pit Toy Hunt! 😮 Can You Find Baby JJ? 🔍 #toys,2026-02-08T12:00:21Z,4619777,23595,0.0
Cocomelon - Nursery Rhymes,e_3ZRQNE5XM,Yes Yes Yes! I Want to Eat My Broccoli! 🥦😋 @CoComelonSanrioPlaydates,2026-02-07T12:01:08Z,4176269,22405,0.0
Cocomelon - Nursery Rhymes,_ianibjwnZs,JJ's Birthday Party Song! | CoComelon Nursery Rhymes & Kids Songs,2026-02-07T08:00:29Z,2675368,2613,0.0
Cocomelon - Nursery Rhymes,PijxR4MW6Go,Dig and Find HIDDEN Toy Balls!  🪣🔴🔵🟢🟡,2026-02-06T12:00:53Z,3282571,19188,0.0
Cocomelon - Nursery Rhymes,SmmKfEGIdP0,Humpty Dumpty's Great Balloon Escape! Will JJ Catch Humpty? + MORE CoComelon Nursery Rhymes for Kids,2026-02-05T08:00:36Z,3722791,8916,0.0
Cocomelon - Nursery Rhymes,Vq9L6i7Y6QI,"Eat, Eat, Eat! 🍎🍌 Apples and Bananas Song @CoComelonSanrioPlaydates",2026-02-04T12:00:57Z,3567601,21007,0.0
Cocomelon - Nursery Rhymes,vvgzL0AgeNg,Fire Truck Song 🚒 | Dance with Nina & JJ | Let's Move with CoComelon Nursery Rhymes & Kids Songs,2026-02-03T08:01:07Z,4710149,5739,0.0
Cocomelon - Nursery Rhymes,ZMLu27RK_io,Let’s Make a Rainbow Caterpillar! 🌈🐛,2026-02-02T12:01:10Z,4193577,23810,0.0
Cocomelon - Nursery Rhymes,d4aXzZ3huK0,OUCH! YoYo Gets a Boo Boo 😢🤕 Mommy to the Rescue! 🧡,2026-02-01T12:01:13Z,9799009,62681,0.0
Cocomelon - Nursery Rhymes,HxCTy5TZEtk,3D Magic Foam Art! 😮🤯 Wheels on the Bus Drawing,2026-01-31T12:00:36Z,4066039,19681,0.0
Cocomelon - Nursery Rhymes,B_SzFzlyii0,If You're Happy and You Know It | CoComelon Nursery Rhymes & Kids Songs,2026-01-31T08:00:12Z,20015198,18928,0.0
Cocomelon - Nursery Rhymes,FOtYQcHxgyU,"Ring Ring Ring, Bananaphone 😀🍌 #kidssongs",2026-01-29T12:00:28Z,16360371,98820,0.0
Cocomelon - Nursery Rhymes,j-49lXE1AG0,Apples and Bananas Song with JJ & Hello Kitty 🍎🍌 | CoComelon Playdates with Sanrio Friends,2026-01-29T08:00:53Z,3942674,4153,0.0
Cocomelon - Nursery Rhymes,IEK-OYBDNAk,Stack the Fruit! 🍎🍌🍎🍌 Tasty Tower 😋 @CoComelonSanrioPlaydates,2026-01-28T12:00:36Z,5455681,24316,0.0
Cocomelon - Nursery Rhymes,9qHqG6FgkI8,Bananaphone Song🍌| CoComelon Nursery Rhymes & Kids Songs,2026-01-27T08:00:09Z,35640184,34809,0.0
Cocomelon - Nursery Rhymes,FOZX1yqd5SY,Can YOU Paint the Rocks? 🖌️ Simple Kids Craft,2026-01-26T12:00:26Z,5387451,32650,0.0
Cocomelon - Nursery Rhymes,yUD8BHyShho,Hello Kitty & JJ Ride the Bus! 🚌🎶 @CoComelonSanrioPlaydates,2026-01-25T12:01:46Z,4846964,28492,0.0
Cocomelon - Nursery Rhymes,L14s_1oS-Ik,Easy Kids Crafts! ✂️😀 Step by Step Creative FUN 🌈,2026-01-24T12:00:41Z,4329175,21111,0.0
Cocomelon - Nursery Rhymes,S8X5Y6URcCQ,Grocery Store Fruit Chase! Apples & Bananas + Shopping Cart Song! | CoComelon Nursery Rhymes,2026-01-24T08:00:36Z,9759449,11184,0.0
Cocomelon - Nursery Rhymes,YJQn52NNgZI,Learn About Your Feelings! ! 😀Happy 😟Sad 😡Angry,2026-01-23T00:00:41Z,4130715,22317,0.0
Cocomelon - Nursery Rhymes,ZtSGKCndytQ,"Doctor JJ Exercise Song! 🩺 Head, Shoulders, Knees & Toes",2026-01-21T12:01:05Z,11990348,56510,0.0
Cocomelon - Nursery Rhymes,rK0sCabVwM4,I Can Do It Song | Get Ready with CoComelon - Camping Edition! | CoComelon Nursery Rhymes,2026-01-20T08:00:07Z,5695973,7381,0.0
Cocomelon - Nursery Rhymes,Cv1e_mNsLtw,Wheels on the Bus Go BOOM BOOM BOOM! 🚌🎶 Dance Remix,2026-01-19T11:48:50Z,6920262,44157,0.0
Cocomelon - Nursery Rhymes,Ap4nhBFZ1kw,Learn Healthy Habits! 🍎🥕 Eat Healthy Snacks!,2026-01-18T12:00:16Z,6128898,34074,0.0
Cocomelon - Nursery Rhymes,drF1XO3m9lQ,The Signal on the Bus Goes Blink Blink Blink! 🚍✨,2026-01-17T12:01:13Z,14947913,74277,0.0
Cocomelon - Nursery Rhymes,CaPaBi8JCkw,Bedtime Routine! Count the Toy Ducks to Sleep 🦆😴,2026-01-16T12:00:31Z,7704770,34740,0.0
Cocomelon - Nursery Rhymes,03-viTXzNig,Kids Songs for Bath Time🫧 + MORE CoComelon Nursery Rhymes & Kids Songs,2026-01-15T08:00:00Z,3452374,7967,0.0
Cocomelon - Nursery Rhymes,Dxw1iHxQlOw,Oh No! The Wheel Fell Off! 🚗😲 Can YOU Fix It?,2026-01-14T12:00:35Z,70564112,284766,0.0
Cocomelon - Nursery Rhymes,vdhW5ES5DPo,Yummy Peas Song | Fruit & Vegetables for Kids | CoComelon Nursery Rhymes & Kids Songs,2026-01-13T08:01:19Z,8082727,9212,0.0
Cocomelon - Nursery Rhymes,PMYLf9nhQxc,Stacking Toy Blocks 🟥🟧🟨🟩🟦,2026-01-12T12:01:01Z,5435132,25537,0.0
Cocomelon - Nursery Rhymes,xi1SbijmrUQ,Sort the Fruits by Color! 🍎🟢🟡🟠 Kids Learning Game,2026-01-11T12:02:00Z,5281349,32199,0.0
Cocomelon - Nursery Rhymes,XX1v7RKXSIs,Knock Knock Who's There? It's GIANT BINGO!!! 🐶😮,2026-01-10T12:01:04Z,5135238,26381,0.0
Cocomelon - Nursery Rhymes,2l7Lfn-1kps,Five Little Speckled Frogs | Learn Numbers with CoComelon Nursery Rhymes & Kids Songs,2026-01-10T08:00:04Z,5729217,5473,0.0
Cocomelon - Nursery Rhymes,aer1Eo90LR4,Look Up! 🙄⬆️ Where'd the Dough Go?,2026-01-09T12:00:03Z,5223435,24081,0.0
Cocomelon - Nursery Rhymes,GknGVPhqTKM,Wheels on the Bus Dance REMIX! 🚌🎶 Kids Dance Party!,2026-01-08T12:00:29Z,4766886,29209,0.0
Cocomelon - Nursery Rhymes,SlhvKr74MHo,CoComelon Dance Favorites! Kitchen Dance + Belly Button Song | Move with CoComelon Nursery Rhymes,2026-01-08T08:00:42Z,1329833,2495,0.0
Cocomelon - Nursery Rhymes,4LhhNdAkAx0,Make Your Own Baby Cody! ✂️🧡 Kids DIY Craft! 🎨,2026-01-06T12:00:09Z,8964856,54663,0.0
Cocomelon - Nursery Rhymes,jQZkvdb2geY,Peekaboo Song with Dad & JJ | Let's Move with CoComelon Nursery Rhymes & Kids Songs,2026-01-06T08:00:56Z,8265907,9003,0.0
Cocomelon - Nursery Rhymes,Pf_ajlnLPjA,Grow the Melon Then Slice It! 🍈 Count the Pieces!,2026-01-05T12:00:51Z,5061379,26374,0.0
Cocomelon - Nursery Rhymes,4bzMwTncw_4,Build a Bubble Bear 🫧🐻 One Bubble at a Time!,2026-01-04T12:00:14Z,22038120,122200,0.0
Cocomelon - Nursery Rhymes,z91AZe3toFA,Z is for Zoom! 🏎️🏃🏻 Learn ABC! #shorts #cocomelon,2026-01-03T12:01:51Z,11519075,58528,0.0
Cocomelon - Nursery Rhymes,HckP6kodfU8,The Tortoise and the Hare + Three Little Pigs! | CoComelon Nursery Rhymes & Kids Songs,2026-01-03T08:00:32Z,17096394,32954,0.0
Cocomelon - Nursery Rhymes,pUWCT3U2Ivg,Set the Table with JJ! 🍽️ Learn & Play #kidsvideo,2026-01-02T12:01:38Z,6458444,31853,0.0
Cocomelon - Nursery Rhymes,61cH5RhLjzY,Rainbow Ring Stacking Challenge! 🔴🟠🟡🟢🔵🟣,2026-01-01T12:00:11Z,8647724,50000,0.0
Cocomelon - Nursery Rhymes,kB3jMyOWaWE,JJ's Best Bedtime Lullabies for Babies! 💤 + More CoComelon Nursery Rhymes & Kids Songs,2026-01-01T08:00:57Z,1607223,3242,0.0
Cocomelon - Nursery Rhymes,AkiiG4mVttc,Pop the Balloons to Find Bingo! 🎈👀,2025-12-30T12:00:30Z,4870606,25662,0.0
Cocomelon - Nursery Rhymes,1Yu5UlNbV6I,Humpty Dumpty Playground with JJ | CoComelon Nursery Rhymes & Kids Songs,2025-12-30T08:00:07Z,11079074,12255,0.0
Cocomelon - Nursery Rhymes,L0HDQPeIuWM,BUILD A SNOWMAN Song! ⛄| Festive Fun For Kids | Let's Get Creative #cocomelon,2025-12-29T12:00:42Z,6000481,29413,0.0
Cocomelon - Nursery Rhymes,_72kdT7CQjM,Y is for Yay! 🙌🏻😃 Learn ABC! #shorts #cocomelon,2025-12-28T12:01:09Z,11014533,53112,0.0
Cocomelon - Nursery Rhymes,ZpZS1LilE-c,Number Practice in the Snow! ❄️✍️ Christmas Counting,2025-12-27T12:01:07Z,6781857,26884,0.0
Cocomelon - Nursery Rhymes,SNLvNdkSk18,Mermaids and Unicorn Bath Time 🫧 | CoComelon Nursery Rhymes & Kids Songs,2025-12-27T08:00:39Z,2040330,1924,0.0
Cocomelon - Nursery Rhymes,33znU3A_meU,Christmas Surprise Box! 🎁 What’s Inside? 🤔,2025-12-25T12:00:06Z,4973965,39081,0.0
Ryan's World,N2-NAlUQ6NA,CHANEL VS ROLEX,2026-08-19T15:16:49Z,7640,147,
Ryan's World,aRikbHjBXEw,Hello Kitty X Godzilla Toys are SO CUTE!,2026-08-18T22:52:11Z,13767,135,
Ryan's World,Z1GERY5VFw0,Slimebert EATS Our Patients! Roblox Animal Hospital IRL,2026-08-18T12:00:09Z,15688,148,
Ryan's World,pR5uSLNlL-M,Emma & Kate Review the NEWEST Viral Squishies! 😝,2026-08-17T12:00:27Z,20489,209,
Ryan's World,EKHF0H4aN_c,Our Animal Hospital is INVADED by SLIME!,2026-08-17T12:00:00Z,26417,190,
Ryan's World,kwpyMi_9F9o,We Are Friends After All!,2026-08-16T12:00:02Z,54165,430,
Ryan's World,qT7pyjVjLYk,When SLIMEBERT Shows up in Animal Hospital!,2026-08-15T16:00:27Z,37233,307,
Ryan's World,k3qb3l2kEeQ,We Let ONLY Anomalies Into Animal Hopsital IRL!,2026-08-15T12:00:16Z,37106,383,
Ryan's World,7QLMIc39Nfs,Behind the Scenes of the Trap Door Challenge,2026-08-15T12:00:01Z,33539,302,
Ryan's World,fm8UWr66X5o,Combo Panda VS Alpha Lexa?!,2026-08-14T12:00:02Z,67250,507,
Ryan's World,2IJwcFeBkYk,Checking in Anomalies at the ANIMAL HOSPITAL?!,2026-08-13T16:00:02Z,49962,386,
Ryan's World,hVSz3M_9uFM,GREAT Comebacks to Bullying!,2026-08-13T12:00:10Z,36569,371,
Ryan's World,szrOoL7LJ58,Behind the Scenes of the Spiderman Ceiling Challenge 🕷,2026-08-12T17:00:21Z,90588,515,
Ryan's World,lcxJ2uEimlM,Emma & Kate Open a BAKERY | Baking Challenge for Kids,2026-08-12T12:00:38Z,124688,826,
Ryan's World,v9Oayersteg,We TRIED the Trap Door Challenge😫,2026-08-12T12:00:01Z,51925,413,
Ryan's World,LMLCt54CdGc,I've Never Told You This Before...,2026-08-11T20:24:09Z,55477,549,
Ryan's World,8u4KnLGkLr4,Spiderman Reveal 🕷🕸,2026-08-10T22:33:37Z,139432,1007,
Ryan's World,0lXVix02NIo,Ratthew IRL from Roblox Animal Hospital!🐭👻,2026-08-10T17:00:35Z,52884,397,
Ryan's World,vw09XH4NOe0,ABC Song & Other Nursery Rhymes | 1+ Hour Learn with Ryan!,2026-08-10T12:00:36Z,87377,335,
Ryan's World,TN0Ipe8RDiQ,Making SLIME On the Floor but CHAINED TOGETHER 😫,2026-08-10T12:00:12Z,62564,515,
Ryan's World,GlXeVpTf8r4,Anomaly or Normal Patient in Animal Hospital?,2026-08-09T17:00:07Z,56865,437,
Ryan's World,4qRGc2rz55M,Twins VS Mom Egg Relay Race,2026-08-08T17:00:04Z,81145,631,
Ryan's World,pOrvCoMgiOY,Sunnyside Up! COMPLETE Series | 1+ Hour Back to School,2026-08-08T12:00:31Z,33753,225,
Ryan's World,TLNEO0lrzoI,Pick a Giant Fish LOSER EATS SPICY CHIPS,2026-08-07T12:00:17Z,118600,1202,
Ryan's World,gexSaSsXg3g,Twins & Mom CHAINED Together Challenge,2026-08-06T12:00:15Z,74024,507,
Ryan's World,SmBB_z59f3o,GIANT FISH GAME IRL,2026-08-05T16:23:37Z,97692,685,
Ryan's World,CE7NfqKhKwg,Playing Animal Hospital IRL...First Patient Check In!,2026-08-05T12:00:21Z,110615,884,
Ryan's World,muauIW0mIFE,We Survived the NEW SLIME UPDATE in REAL LIFE! 🤢 | Animal Hospital Roblox,2026-08-04T21:41:09Z,53786,466,
Ryan's World,WhyfameX3ng,Get Ready Without Me! 😁,2026-08-04T15:31:27Z,154848,977,
Ryan's World,8l0czvNp7dM,ULTIMATE Back to School Experiments & 1 Hour Pretend Play at School!,2026-08-03T12:00:34Z,117910,473,
Ryan's World,0NiLlVNLo8w,Ryan and Spider-Man 1 Hour Pretend Play Adventures!,2026-08-01T12:00:20Z,424359,1400,
Ryan's World,AWMvJDF_gAU,Trap Door Challenge!,2026-07-31T12:00:39Z,131303,1150,
Ryan's World,dcu-g3LQw_o,Ryan's Ultimate Giant Connect 4 Competition!,2026-07-30T12:00:25Z,150693,799,
Ryan's World,-as57VEU1sk,Cutest Hello Kitty Cake Final Result!,2026-07-30T12:00:17Z,117344,1325,
Ryan's World,Ru4BRZ3EqLI,Hello Kitty Baking Challenge!,2026-07-29T12:00:21Z,147384,992,
Ryan's World,OGEu_PSDH48,Decorating Hello Kitty Surprise Cakes with Emma & Kate!,2026-07-28T12:00:19Z,87144,715,
Ryan's World,AXyb1cSIKiU,Squishy Toy ASMR with Emma & Kate!,2026-07-27T17:00:22Z,103698,794,
Ryan's World,ztMvM6j2IEc,Emma & Kate Try Twin Telepathy Baking Challenge!,2026-07-27T17:00:09Z,97791,649,
Ryan's World,ub0c8XBFMOs,Mesmerizing Slime ASMR Fluffy vs Squishy!,2026-07-27T12:00:31Z,94697,639,
Ryan's World,VLMDNUucSNw,Can We Pass EVERY GRADE in School? Ultimate Back to School Challenge!,2026-07-27T12:00:21Z,39351,306,
Ryan's World,modZfQVzzsk,Combo Panda Was ALMOST in the Minions Movie...,2026-07-26T16:00:26Z,170753,852,
Ryan's World,2pGX599p6uU,Opening Up VIRAL Mini Brands Toys!,2026-07-26T12:00:35Z,56459,372,
Ryan's World,gyfQ1JhcYIY,Filling my Cheese Squishy with SLIME! 😋,2026-07-26T12:00:35Z,96401,849,
Ryan's World,1q0Docds3xQ,Asking my friends what they would do!,2026-07-25T16:00:02Z,105852,778,
Ryan's World,_fjkgN0R1w0,BLINDLY RANK ANIMAL HOSPITAL CHARACTERS!,2026-07-25T12:00:17Z,97503,833,
Ryan's World,1tR3wwMaiW8,We Try to Spot EVERY Anomaly in Animal Hospital IRL!,2026-07-25T12:00:01Z,1342515,1506,
Ryan's World,Ml4XCm9_Kxw,When Alpha says she can beat you in ANY game...,2026-07-24T21:19:32Z,129305,719,
Ryan's World,nOEXltzIm2g,Who Can Guess the Time?,2026-07-24T12:00:11Z,252034,1417,
Ryan's World,7I9C9pihzgU,TUNG TUNG TUNG SAHUR VS DEER FROM 99 NIGHTS IN THE FOREST,2026-07-23T20:53:48Z,106192,603,
Ryan's World,jtiIeOCGyIs,Who Can Guess the Time Most Accurately??,2026-07-23T12:00:22Z,80241,490,
Ryan's World,23jHIDqPD3Q,Fluffy Cat Squishy or Ghost Squishy? PICK ONE,2026-07-22T17:00:22Z,105821,792,
Ryan's World,Yq_RY9XyZbc,HOT JIMOTHY SUMMER!,2026-07-22T14:52:28Z,187253,1086,
Ryan's World,6sZh4CymrZY,We Built a SQUISHY Room & a FLUFFY Room! Which is Better?!,2026-07-22T12:00:16Z,76831,485,
Ryan's World,oL9OJLLjG2o,I Destroyed My Cheese Squishy 😫,2026-07-22T12:00:09Z,99950,553,
Ryan's World,nLcsODsSbr4,Quiet on the Creek for Mecca Chameleon 🤫,2026-07-21T20:45:35Z,103220,513,
Ryan's World,940EOL7wihU,Tug of War for S'mores Squishy 😂,2026-07-21T19:05:25Z,42689,246,
Ryan's World,yt2LgqdTiqk,Twin Telepathy Challenge Squishy Surprise!,2026-07-21T16:00:25Z,95002,598,
Ryan's World,nDcJ6ZTKDXY,VIRAL DIY Cheese Squishy RESULT!,2026-07-21T12:00:05Z,75206,600,
Ryan's World,MXxnprDJOgk,DO I HAVE TOO MANY SQUISHIES!?,2026-07-20T19:37:58Z,115112,659,
Ryan's World,k0OHlMBkjg8,TWIN Telepathy Hello Kitty BAKING Challenge with Emma & Kate!,2026-07-19T12:00:17Z,92611,597,
Ryan's World,parY6DhpHwY,Who picks the largest fish?? GIANT EDITION 🐟,2026-07-19T12:00:11Z,19028195,100603,
Ryan's World,goG2svAuMGM,Emma & Kate’s Impressive Gymnastics Tricks!,2026-07-18T17:00:30Z,2062177,14870,
Ryan's World,WyAXnYpHCXk,The TRUTH about Roblox Animal Hospital...,2026-07-18T12:00:18Z,131597,772,
Ryan's World,rjBtIwmmlqk,We are STUCK in EVERY ROBLOX BOARD GAME IRL!,2026-07-18T12:00:01Z,103012,461,
Ryan's World,BiekCoL1JCI,Slow Mo Gymnastics in the backyard!,2026-07-17T21:25:48Z,415145,2594,
Ryan's World,zAp0Nsw11gs,STOP THE TIMER AT 5 SECONDS! ⏱,2026-07-17T17:40:55Z,135783,800,
Ryan's World,Bu7mSaCaZEA,We Find 100 SQUISHIES with Emma & Kate!,2026-07-16T12:00:14Z,93137,551,
Ryan's World,Syy65XJjAeY,Filling a Cheese Squishy with VASELINE! 😋,2026-07-15T21:33:59Z,137482,1358,
Ryan's World,LrlWFEazuwA,Hiding MECCA CHAMELEONS Around the Office!,2026-07-14T17:27:48Z,176767,1151,
Ryan's World,xLqp7ER7ogo,Combo Gets the Mbappe Special 🤔,2026-07-14T15:57:40Z,180266,986,
Ryan's World,fE7XK-Jyhks,Gus the Gummy Gator REVEALS ALL!,2026-07-13T17:25:40Z,127611,718,
Ryan's World,UMPwI2IPzSM,1 HOUR+ of LEGOLAND and other Amusement Park Fun!!,2026-07-13T12:00:24Z,508200,882,
Ryan's World,XzU0keem6XQ,Emma and Kates Viral SQUISHY Secret Room!!,2026-07-12T12:00:35Z,102105,959,
Ryan's World,YbUiI3potmk,Suprise Smushy Part 4!!,2026-07-12T12:00:17Z,150237,1544,
Ryan's World,wXK3RUZROvU,Suprise Smushy Part 3!,2026-07-11T12:00:27Z,164787,1533,
Ryan's World,Qf4H3zYJ1HY,We Play Meccha Chameleon IRL!!,2026-07-11T12:00:05Z,217400,950,
Ryan's World,Ih35u02wEpk,New Minecraft update! SITTING!,2026-07-09T18:00:04Z,179790,1112,
Ryan's World,4nY2pwz6MwU,SQUISHY Room VS FLUFFY Room! Which One is Better?,2026-07-09T12:00:33Z,300022,1525,
Ryan's World,TQgPoxqkrLI,"Opening the $1,000 Golden Ticket Dumpling!",2026-07-08T12:00:01Z,135361,1651,
Ryan's World,kTrs0YlbmGQ,Opening NYX SMUSHIES Until We Get a Surprise,2026-07-07T12:00:39Z,140628,1167,
Ryan's World,F5L_U-rQlJ4,WHO IS BETTER Humans VS ROBOTS! 1+ Hour of ROBOT AI CHALLENGES,2026-07-06T12:00:25Z,211206,435,
Ryan's World,PSNPDKghWjc,Kid VS Parent UFO vs Cows,2026-07-05T12:00:02Z,143024,1104,
Ryan's World,eTlH-zZL0mU,We Traded with GIANT SQUISHIES!,2026-07-04T12:00:16Z,51862,373,
Ryan's World,ZVF6akn8CVk,Celebrating 1st day without arguing!,2026-07-03T12:00:01Z,233257,1561,
Ryan's World,M6KLU5S5oCY,TWIN Telepathy SQUISHY EDITION with Emma and Kate!!!,2026-07-02T12:00:39Z,3049005,1036,
Ryan's World,woPUIVal40o,Holy Back Hand Spring!,2026-07-02T12:00:13Z,219404,1208,
Ryan's World,pB_xxqJ1zcM,We Have Ms Bench at Home,2026-07-01T12:00:18Z,164007,1495,
Ryan's World,JfWsXAGKxec,Trying to Get the Stitch Squishy PART 2!,2026-06-30T12:00:17Z,147006,1461,
Ryan's World,ZlZr__Kz3i8,Finding Stitch Squishy Secret! 🤐,2026-06-29T12:00:23Z,133132,1238,
Ryan's World,WxWOzAOr6Ns,Emma & Kate's WATERPARK Adventure for Kids!,2026-06-29T12:00:13Z,186332,757,
Ryan's World,jozOdAPuRvM,8 Year Old Gets 2 BILLION Views,2026-06-28T12:00:35Z,240196,2154,
Ryan's World,vzKUO-Wt2uw,Emma & Kate Sneak into Dad's 100 BUTTON SECRET BUNKER!,2026-06-28T12:00:07Z,413287,619,
Ryan's World,1CU0mypu0mw,Guess the Time Ryan VS Dad!,2026-06-27T16:00:03Z,277972,1822,
Ryan's World,6utQRsl7lqw,Emma & Kate Make DIY Wax Squishies! | Kids Science Craft,2026-06-27T12:00:16Z,1163869,629,
Ryan's World,K_ECzqvRYI4,It's Been HOW LONG?! Kate's Iconic Skateboarding 🛹,2026-06-27T12:00:12Z,289385,1734,
Ryan's World,nCAYqjfpyzc,WORLD CUP KICK DART CHALLENGE!,2026-06-26T21:08:44Z,235990,2060,
Ryan's World,f0fsorDB1Fk,GIANT Fidget Trading 😲😝,2026-06-26T18:17:51Z,170191,1327,
Ryan's World,gay300OrKB4,Kate's ICONIC Skateboarding Stairs!,2026-06-26T17:00:22Z,238173,1591,
Ryan's World,6R761fLcKAE,Ryan VS Kate Last to React Loses 😲,2026-06-26T12:00:05Z,232518,1316,
Ryan's World,v7ETp6RR_R4,Kate Skateboards Down Stairs! 🛹,2026-06-25T17:19:44Z,1219714,5020,
Ryan's World,0_GJRXz-C0w,Last to React LOSES!,2026-06-24T12:00:30Z,208539,1014,
Ryan's World,W_AVh4KKoaY,No Talking Wax Squishy ASMR!,2026-06-23T17:00:26Z,155678,1567,
Ryan's World,0h6rOOHOjvc,Emma & Kate Tell REIMAGINED Kid's Fairy Tale Bedtime Stories!,2026-06-23T16:20:19Z,169925,383,
Ryan's World,1bNzlC6129Q,Emma & Kate Twin Walk Challenge,2026-06-23T15:24:15Z,286632,1136,
Ryan's World,mYWUOkeCLAI,Rate the ASMR Cheese Wax Squishy,2026-06-22T12:00:02Z,137734,1084,
Ryan's World,Uu07BhVHtk0,Daughter & Dad Jump Challenge!,2026-06-21T16:00:38Z,275774,1426,
Ryan's World,fGZG-PxF02o,Ryan & Dad Summer Fun 😎 Jump Through Impossible Shapes Challenge!,2026-06-21T12:00:15Z,245313,1270,
Ryan's World,t14edee1beg,Behind the Scenes of the Twins Walking Trend 😱,2026-06-21T12:00:07Z,223940,1108,
Ryan's World,prHckBd9YkU,First Try Dad and Daughter Jump Challenge!,2026-06-20T16:00:21Z,200599,1051,
Ryan's World,YUIX8GxfcU4,Emma LOVES Cracking Wax Squishies 😍,2026-06-20T12:00:36Z,114641,907,
Ryan's World,xVZzTdROr5U,Emma & Kate CRACK Mystery Wax Squishies! What’s Inside?! 😱,2026-06-20T12:00:03Z,207389,1118,
Ryan's World,pk0Bd5KHSHg,First to React LOSES!,2026-06-18T22:27:56Z,325119,1502,
Ryan's World,-r1L6MzRTUw,Surviving 100 Camp Challenges! Learn Fun Camp Games for Kids!,2026-06-18T15:48:00Z,157523,280,
Ryan's World,gsnAeBgHh7g,Emma & Kate Open a Mystery Squishy Box! What's Inside??,2026-06-18T15:30:57Z,112889,1041,
Ryan's World,dbqkU3dvWbI,Organizing 1000+ Squishies!! 😲,2026-06-17T12:00:17Z,183762,1252,
Ryan's World,6UTqt1gqBxs,Organizing Our ENTIRE Squishy Collection!,2026-06-16T16:07:55Z,163959,1195,
Ryan's World,_mOTd_xxPts,How Did We Do?!,2026-06-15T17:54:24Z,223638,1079,
Ryan's World,QLnGktX7Z8A,RICH VS POOR Roblox Player Edition! Which one are you?,2026-06-15T12:00:11Z,40024,253,
Ryan's World,6nVdDOBeyxc,Emma VS Kate GIANT Color Stack Challenge!,2026-06-14T15:00:10Z,151800,1179,
Ryan's World,8Jdlxfg1lso,If You Can't Find Needohs GET THIS INSTEAD!,2026-06-14T12:00:29Z,188579,1212,
Ryan's World,ymrZ8WbVacc,ULTIMATE Finders Keepers! Win $1000+ of Products!,2026-06-14T12:00:19Z,35533,250,
Ryan's World,VPjIatvb7S0,Opening TEMU Glitter Rainbow Dumplings!,2026-06-14T12:00:03Z,124548,1239,
Ryan's World,jPtV6GAY1hs,IRL Toy Story 5 Adventure!!! Pretend Play for Kids!,2026-06-13T12:00:23Z,117758,513,
Ryan's World,Qmh5GyVx8SQ,WE GOT TEMU MYSTERY SQUISHY DUMPLINGS!,2026-06-13T12:00:03Z,109202,898,
Ryan's World,_XCs-XaUs58,Combo Panda Dropped His Donut! 🍩,2026-06-12T23:20:25Z,394580,2815,
Ryan's World,r3ocObHt9MY,If VTUBERS Were in the World Cup 😂😲,2026-06-12T22:58:23Z,131124,695,
Ryan's World,MjxqCopIpro,Emma & Kate Unbox FAKE Squishy Dumplings!,2026-06-12T12:00:22Z,123126,1075,
Ryan's World,WOB1zpJ5MnY,Emma Dropped Her Donut!,2026-06-11T20:57:34Z,493719,3457,
Ryan's World,E4DIozC5hls,Emma & Kate Try Baking DIY Giant S'mores! Best Campfire Snack EVER!,2026-06-11T17:31:42Z,575349,813,
Ryan's World,PVnx2ZIHPVc,Playing With the INSIDE of a Needoh 🤢,2026-06-11T12:00:39Z,124479,956,
Ryan's World,C8HYQwJ9CsQ,Homer Dropped His Donut!,2026-06-10T20:51:24Z,399286,3009,
Ryan's World,pGZ4_NEmFc0,We Cut Open Our FAVORITE Needoh! What's Inside!?,2026-06-10T12:00:24Z,122400,1033,
Ryan's World,HNRGVEyeyYA,How Did Emma & Kate Do? Same Phrase Challenge!,2026-06-09T15:58:47Z,183730,1124,
Ryan's World,f5OngAooI6I,Emma & Kate Race for Squishies!,2026-06-09T12:00:15Z,181607,937,
Ryan's World,M4svuSS1n54,Combo Panda CHEATS in Squishy Trading,2026-06-08T20:17:43Z,154546,1067,
Ryan's World,P0PEt2xYAMA,Toy Story Guess the Time Challenge!,2026-06-08T17:00:17Z,166206,802,
Ryan's World,velFv4nPKFs,67 SECOND CHALLENGE!,2026-06-08T12:00:05Z,100636,570,
Ryan's World,7Se6nikvhqE,Woody VS Jesse Catch the BIGGEST Fish!,2026-06-07T16:00:38Z,115330,905,
Ryan's World,SXl6Nq5DcSE,The Most Viral Squishy ASMR!,2026-06-07T12:00:30Z,85783,620,
Ryan's World,azgkPterohc,I Hunt for the RARE Viral Golden Dumpling Squishy!,2026-06-07T12:00:04Z,108260,526,
Ryan's World,701s7nKgRC4,Brother VS Sister MUTATED Strawberry!,2026-06-07T08:00:25Z,84570,395,
Ryan's World,QmJ_aUUbRBg,What Sound Does a Dinosaur Make? 🐱‍🐉😂,2026-06-06T18:00:38Z,155672,1016,
Ryan's World,t79eu2nh9gM,Andy's Coming! Toy Story Challenge,2026-06-06T16:00:37Z,342938,1871,
Ryan's World,Mdrx-p7VG_w,Grow a Garden 2 in Real Life!,2026-06-06T12:00:39Z,32724,275,
Ryan's World,x2DZd4qp020,Buzz Lightyear Tries the Same Phrase Different Emotions Challenge!,2026-06-06T12:00:34Z,136271,642,
Ryan's World,CocvbGE_tx0,GIANT Dot Cake or DOUBLE Dot Cake!,2026-06-05T17:55:03Z,72404,580,
Ryan's World,JyGCLsdSrBU,This is my brain during summer break 🧠🌞,2026-06-05T16:00:29Z,163945,691,
Ryan's World,gLA8mHlO-uc,Good for you!,2026-06-05T12:00:02Z,104750,460,
Ryan's World,lQvrYnO4va8,Make New Butter Squishy Filling With Emma & Kate!,2026-06-05T12:00:02Z,95478,710,
Ryan's World,7ETYv1l5m-E,What's INSIDE Our Giant Butter Squishy?!,2026-06-04T12:00:32Z,72888,522,
Ryan's World,GqtVwAMg0dc,Grow a Garden BIGGEST Strawberry Harvest!,2026-06-04T12:00:22Z,68712,338,
Ryan's World,oDZ-rj0c5fU,Same Phrase Different EMOTIONS Challenge!,2026-06-03T21:15:27Z,79485,563,
Ryan's World,KFZPdmw9uSo,Trying to Repair My Daughters Giant Butter Squishy 😫,2026-06-03T20:22:15Z,107012,787,
Ryan's World,pwhlibHLtac,We Made the VIRAL SQUISHY WAX Toys! ✨,2026-06-03T12:00:15Z,60737,411,
Ryan's World,-VLdjME55xM,Choose your gaming snack!,2026-06-02T23:24:37Z,94581,513,
Ryan's World,_vnnui_cxTQ,Ryan's Family Camping Adventures for the Summertime! 🏕,2026-06-01T12:00:11Z,186667,825,
Ryan's World,Oeyi7VuUGeQ,We Cut Open a GIANT Squishy Butter! What's Inside?!,2026-06-01T12:00:06Z,106821,1090,
Ryan's World,wV3JyZwmRJ8,Who Put WAX on my BURGER SQUISHY?!,2026-05-31T17:00:14Z,118308,680,
Ryan's World,CBYS8fpnjoM,Is My AI Robot Better Than My DAD?! 🤖 Dad VS AI Robot!,2026-05-31T12:00:40Z,390556,827,
Ryan's World,0iXcOCwDAwU,We Covered Our Butter Squishy in Wax!,2026-05-31T12:00:05Z,74145,417,
Ryan's World,7dWkQFtWqZo,FIRST EVER Wax Dumpling ASMR!,2026-05-30T20:00:33Z,139396,687,
Ryan's World,g_HYd8fNedI,We Covered our Rare Golden Dumpling Squishy in Wax!,2026-05-30T17:00:08Z,95135,469,
Ryan's World,NvHXmb9G9Zg,Emma & Kate Review EVERY New Viral Squishy!,2026-05-30T12:00:11Z,1124551,6687,
Ryan's World,eQdGZIYgy-A,I Don't Wanna Go to School 😩,2026-05-30T12:00:09Z,282905,1885,
Ryan's World,0wpKwSFZ_Do,We Made a GIANT DOT CAKE!,2026-05-29T22:18:56Z,78153,605,
Ryan's World,v-R6thIUh9U,Surprise Dumpling Covered in Wax!,2026-05-29T20:00:24Z,87822,509,
Ryan's World,eog6xnzuT_U,FIRST Day of School VS LAST Day of School 🤭,2026-05-29T17:00:04Z,161517,1002,
Ryan's World,y9zzDtyPEW8,Sugar Sugar 🍬😂,2026-05-29T12:00:29Z,130102,870,
Ryan's World,NaRrCu5K95A,Combo Panda Has a TWIN?!,2026-05-28T17:00:26Z,120684,665,
Ryan's World,SqkQs0J_PYc,Emma & Kate Try the Sugar Sugar Trend 😍,2026-05-28T12:00:30Z,125707,873,
Ryan's World,bBSxx_iSXiI,Ryan Gets an Exclusive Tour at the Toei Animation Studio with a Sneak Peak of ELEMON Season 2!,2026-05-27T12:00:36Z,608108,2637,
Ryan's World,uXzYZSGuqqc,We Poured WAX on Our Giant Cheese Squishy!,2026-05-27T12:00:11Z,78756,437,
Ryan's World,iFr7mcMPp7w,NO HOMEWORK VS Go To Sleep Early!,2026-05-26T12:00:25Z,175664,1739,
Ryan's World,oVk3AlhkZh0,Extra Homework VS NEW  PUPPY! 🐶,2026-05-25T12:00:35Z,103546,1163,
Ryan's World,4DDY_l-eRAQ,Ryan's GROSSEST Food Experiments EVER! 🤢,2026-05-25T12:00:09Z,456547,935,
Ryan's World,pB026U_HNfY,GROGU’S BEDTIME ROUTINE WITH EMMA & KATE!,2026-05-24T12:00:23Z,655124,816,
Ryan's World,7wmUqITJCYs,Dad Hunts for the RAREST Trading Card! Dad VS Scalpers 😱,2026-05-24T12:00:15Z,44484,276,
Ryan's World,EAE0gs8l7qQ,I Found Mommy's Secret Squishy Collection! 😱,2026-05-23T17:00:15Z,142428,1313,
Ryan's World,dWZxzsKvq2A,EMMA AND KATE TEST GROGU’S CUTENESS LEVEL!,2026-05-23T12:00:28Z,596182,475,
Ryan's World,MfuKroCsVNw,We Got ACTION BUDDY GROGU!!,2026-05-23T12:00:11Z,798397,412,
Ryan's World,KyhkEVVqf0Q,But my Name is Combo Panda so I Ignore Them...,2026-05-22T12:00:16Z,95197,554,
Ryan's World,Z32Kullpmns,What's your favorite name?!,2026-05-21T17:21:20Z,132116,846,
Ryan's World,_gCwhdo2gfg,DID WE GET THE GOLDEN TICKET DUMPLING?!,2026-05-20T21:48:09Z,89756,751,
Ryan's World,moGNRe1iiBo,We Try to SNEAK PASSED the World's STRICTEST Hall Monitor!,2026-05-20T12:01:10Z,68903,406,
Ryan's World,psJyQ0DjZKE,Luckiest Mom in the World 🤷‍♀️,2026-05-19T12:00:58Z,115233,604,
Ryan's World,IpExNoQRfqs,Emma and Mommy Play Viral Fishing Game!,2026-05-18T17:45:00Z,144996,1145,
Ryan's World,84h3LfR39AU,Zaidee's Mission to Get the Hall Pass from the World's STRICTEST Hall Monitor 😩,2026-05-18T12:00:13Z,70923,444,
Ryan's World,AI4kFGS8R98,Who Did it Better?!,2026-05-17T12:00:12Z,160113,904,
Ryan's World,BFBCXVZwTqI,"LAST DAY OF SCHOOL! 1+ Hour of Summer VACATION FUN with Ryan, Emma, and Kate!",2026-05-17T12:00:12Z,724295,1519,
Ryan's World,td-g3oS-avc,UNDERGROUND BUNKER for 24 Hours! Spending the Night in SECRET SURVIVAL BUNKER!,2026-05-16T12:01:28Z,84537,485,
Ryan's World,2MWhO-KeFxI,Golden Ticket Dumpling Delivery?!?!,2026-05-16T12:00:08Z,113641,873,
Ryan's World,t8E3d2r2P54,Twin Sisters Different Levels of Gymnastics 🤸,2026-05-15T12:01:24Z,200256,1556,
Ryan's World,Lh-jGTsZ7_w,Catching The Train!,2026-05-14T22:00:21Z,170168,1032,
Ryan's World,myKxxpdir9A,67 SQUISHIES!?,2026-05-14T12:01:15Z,156327,1116,
Ryan's World,-0GoyR3OSYw,Did We Get the COOLEST Needoh's?!,2026-05-13T21:33:20Z,90444,635,
Ryan's World,3FV3eXJOS34,Strict Hall Monitor VS AI Robo Dog! 🤖🐶,2026-05-13T17:51:15Z,89909,502,
Ryan's World,vJgnzL3Pe6c,We Spend 24 HOURS Tied Together in 99 Nights in the Forest IRL!,2026-05-13T12:01:37Z,58053,405,
Ryan's World,Q7HX2xDAruM,Emma & Kate's BEST Summertime Science Experiments for Kid's! 😎☀,2026-05-11T12:00:42Z,909040,939,
Ryan's World,hIlzdkc5nOU,We Hired the TOUGHEST Coaches in the WORLD to Teach Us Pickleball 😲🏓,2026-05-10T12:01:14Z,65268,277,
Ryan's World,q7B43vbAFwg,Emma & Kate Try to Get the Giant GLITTER Dumpling Squishy!,2026-05-09T12:01:30Z,169207,2030,
Ryan's World,jnVoFrzBOwA,Sunnyside Up! Ep 10 – Final Exam AND Final Boss?! Animation for Kids,2026-05-09T12:01:19Z,295965,708,
Ryan's World,dkTrX_gC41E,Dr. Alexis Cures Her Brother from the Mystery Virus! 🧪✨ Fun Doctor Pretend Play 👩‍⚕️,2026-05-06T12:01:18Z,58086,236,
Ryan's World,QCQowahWMAI,Ryan Becomes a JEDI to Celebrate STAR WARS DAY at Disneyworld!,2026-05-03T12:00:41Z,159324,841,
Ryan's World,XAPV3fORxls,Can We Win This GIANT Soccer Match?! ⚽👀,2026-05-02T12:01:02Z,69187,343,
Ryan's World,-l5-JbMiRCU,Wait until the end 😱🫣,2026-05-01T12:00:00Z,147222,1252,
Ryan's World,P-c6r_7qSCg,"It’s me, Crewmate 👽 #amongus",2026-04-30T21:26:01Z,154227,1019,
Ryan's World,HSCbptnzetk,Brother vs Sister STUCK TOGETHER for 24 Hours!,2026-04-30T14:41:51Z,53043,354,
Ryan's World,pmsDckQHgqc,Emma & Kate's TWIN TELEPATHY Baking Challenge! 1 Hour Kid's Baking Fun!,2026-04-26T12:01:25Z,1313299,1638,
Ryan's World,KcmdVw6_hF8,10 Ways to ESCAPE Maximum Security DETENTION! 😲,2026-04-25T12:00:36Z,55768,415,
Ryan's World,0rm7dM16g5Y,We got a FAKE Surprise Mystery Dumpling?! 😫,2026-04-25T02:34:49Z,193109,1594,
Ryan's World,-v_QM5xCqok,Ryan Explores AnimeJapan Convention 2026! 🎌 New Elemon Season 2 Trailer Reveal! 🧪,2026-04-22T22:38:46Z,447186,1430,
Ryan's World,OGXJUFcvp2o,Gen Z VS OLD!,2026-04-20T20:06:56Z,220713,1576,
Ryan's World,wMQUmFOj4GU,Ninja Ryan Saves the Day! | 1 Hour Kid's NINJA Adventure Stories,2026-04-20T12:01:43Z,191770,768,
Ryan's World,2HACr_4jxnw,Zaidee Sneaks Past the WORLD'S STRICTEST HALL MONITOR!,2026-04-19T12:00:03Z,278167,391,
Ryan's World,lan7SImM3dg,Who Will Win GIANT VS TINY School?!,2026-04-18T12:01:21Z,49390,361,
Ryan's World,YDo4xL5umlU,VIRAL SQUISHY DUMPLINGS ARE TAKING OVER MY LIFE!,2026-04-17T21:40:48Z,217221,1847,
Ryan's World,lqevQYxkPOM,Justin Bieber Pulled Up Ryan's World Clips for his Coachella Set!,2026-04-17T15:24:16Z,206441,1040,
Ryan's World,HGoxW4J07aA,Zaidee & Bri Become DOCTORS for 24 Hours | Pretend Play Helping People! 🤒🩺,2026-04-15T12:00:27Z,248787,381,
Ryan's World,QN5YAhMx1-M,Who can catch the LONGEST fish?!,2026-04-13T20:32:00Z,42813614,325613,
Ryan's World,MI6klpH7lnk,Ultimate Don't Wake GREEDY DADDY | 1 Hour Family Pranks!,2026-04-13T12:00:42Z,208612,1009,
Ryan's World,ta8pzH56OIs,LOCK IN for Pretend School or Get Out...,2026-04-12T12:01:37Z,272516,1100,
Ryan's World,97vBm9-rjzg,Am I Magical?? 🧙‍♀️🦄,2026-04-11T12:00:13Z,244407,1235,
Ryan's World,7tp1bTB-DZw,I Hired an AI Robot to Work at McDonald's with Me!,2026-04-11T12:00:11Z,182929,963,
Ryan's World,3HpTcAm6cwM,Ryan Goes to ANIME JAPAN with Toei Animation!,2026-04-10T19:00:06Z,383783,2608,
Ryan's World,CeeBmrShl9c,Ryan Announces Elemon Season 2 Trailer OUT NOW!,2026-04-10T17:41:48Z,175205,1558,
Ryan's World,6u8hAi-F95o,McDonalds MESSED UP my Super Mario Galaxy Happy Meal! 😫,2026-04-08T18:15:18Z,202679,1571,
Ryan's World,_pdNo08jEKc,WE ATE AT 1 STAR VS 5 STAR RESTAURANTS!,2026-04-08T12:01:05Z,89169,691,
Ryan's World,x7WnxNK-zh0,Combo Panda Turns into COOKING MAMA,2026-04-06T12:01:39Z,191186,1068,
Ryan's World,6l5j1LoUGSs,Sunnyside Up! Ep 9 – SECRET Mummy TREASURE at the Museum!? Animation for Kids,2026-04-05T12:00:21Z,309161,678,
Ryan's World,E1p96Tifbg0,Deleted Scene from Super Mario Galaxy! 😱,2026-04-04T12:00:32Z,271873,1545,
Ryan's World,E3lRZuk1BrM,Oh okay because Mario had a World,2026-04-03T12:00:22Z,309986,1359,
Ryan's World,1rb562ygAFQ,IRL SUPER MARIO GALAXY Adventure!!! Pretend Play for Kids!,2026-04-03T12:00:07Z,708349,837,
Ryan's World,PXkY9fekczc,Luigi & Peach are BIG GUYS,2026-04-02T15:06:54Z,248076,1351,
Ryan's World,HJ1VbPn3_fI,Ryan's HILARIOUS April Fools Pranks on Dad!,2026-04-01T12:00:31Z,334124,1846,
Ryan's World,vCxrkrJ858k,The McDonald’s HUNTR/X Meal Turned us into KPOP DEMON HUNTERS 🎵,2026-03-31T21:47:40Z,181477,1246,
Ryan's World,XXPZSZqPyy4,Behind the Scenes of the BUBBLE TREND 🫧,2026-03-31T21:16:06Z,176506,1035,
Ryan's World,vsvoUDLf_O8,Dear Princess Peach 😌,2026-03-31T12:01:05Z,290344,1194,
Ryan's World,D5MWuk1vlf4,"Trying the Bubble Trend, did I do it right? 🫧",2026-03-30T21:25:40Z,146814,750,
Ryan's World,xLPCa3vMGaw,Easter Bunny Hides GIANT Eggs with Prizes & More!,2026-03-30T12:01:11Z,333013,567,
Ryan's World,BYcCgb4JFv8,Princess Peach x Alysa Liu Dance!,2026-03-29T12:01:15Z,202510,960,
Ryan's World,bS0HTbiwWLQ,"LAST TO LEAVE THE SQUARE GETS $500,000",2026-03-29T12:00:28Z,56697,504,
Ryan's World,uGKAJHLXJUA,Pulling up to the new Super Mario Galaxy Movie like...,2026-03-28T12:01:15Z,247931,1060,
Ryan's World,rjldV3QWrlo,HOW TO SNEAK CANDY INTO THE WORLD'S STRICTEST SCHOOL!,2026-03-28T12:00:56Z,41117,343,
Ryan's World,O5kPyF43Rys,POV Mario & Luigi Rescue Princess Peach,2026-03-27T18:38:08Z,260828,1084,
Ryan's World,TYDLqax0yHU,1-10 Number Challenge!,2026-03-27T12:00:44Z,143913,934,
Ryan's World,daL2STCfFHw,Building Our Family Island in Tomodachi Life: Living the Dream!,2026-03-25T15:00:58Z,1539252,3250,
Ryan's World,_O3dCYid2ys,This was our 212th take,2026-03-24T12:01:06Z,225054,1060,
Ryan's World,DUSmAn90uPY,Scubaaa Scubaaa,2026-03-23T19:58:22Z,208274,1306,
Ryan's World,qEndNN0_I4Y,"These Scary Games Felt TOO REAL…99 Nights in the Forest, Creepy Shawarma & MORE! 😱",2026-03-23T12:01:33Z,78787,538,
Ryan's World,CmWtDBIoaoA,We Play the MARSHMALLOW GAME,2026-03-23T12:00:30Z,136587,980,
Baby Shark - Pinkfong Kids' Songs & Stories,5aO1MzkRRaA,[BEST 26] Kids’ Favorite Baby Shark Dance Songs | August Shark Month Special | Pinkfong Official,2026-08-18T23:00:33Z,33298,104,0.0
Baby Shark - Pinkfong Kids' Songs & Stories,GX6vhEixkLc,Move & Groove to the Monkey Banana Song with Melody 🐒 #hellomelody #learntodance,2026-08-16T23:00:22Z,94000,1388,0.0
Baby Shark - Pinkfong Kids' Songs & Stories,w8ttk0Msa90,Ready for Your First Concert? 🎵✨ #pinkfong #babyshark #myfirstconcert #uktheatre #kidsconcertuk,2026-08-16T07:00:33Z,49114,419,0.0
Baby Shark - Pinkfong Kids' Songs & Stories,gsN0DaxECdU,Where Is Baby Shark’s Tail? | August Shark Month Special | Pinkfong Official,2026-08-15T23:00:16Z,338885,548,0.0
Baby Shark - Pinkfong Kids' Songs & Stories,CUPJEtxN6iU,🎵My First Concert Live! l  Pinkfong & Baby Shark | UK & Ireland Tour ✨ | Pinkfong Official,2026-08-15T07:00:31Z,22291,65,0.0
Baby Shark - Pinkfong Kids' Songs & Stories,zgfvooa05wc,⌨️ Let’s Do Sensory Play with a Keyboard! #motorskills #tactileplay #sensoryactivity,2026-08-12T23:00:31Z,334529,3566,0.0
Baby Shark - Pinkfong Kids' Songs & Stories,cDSNNR-9Uec,[Best of the Best] Play Hide & Seek with Baby Shark | Brain Teasers for Kids | Pinkfong Official,2026-08-11T23:00:32Z,313771,224,0.0
Baby Shark - Pinkfong Kids' Songs & Stories,UZCiGPiLE0I,Where is the Shark Family hiding? 🖐️Sing the Shark Finger Family Song to find them! #hellomelody,2026-08-09T23:00:38Z,395904,3927,0.0
Baby Shark - Pinkfong Kids' Songs & Stories,hvhT1JX0YUQ,What Color Is Baby Shark?🌈 | Fun Color Learning for Kids | Pinkfong Official,2026-08-08T23:00:34Z,519294,385,0.0
Baby Shark - Pinkfong Kids' Songs & Stories,0iBkJfK2JOs,Hospitals Help You Feel Better! #kidslearning #kidseducation,2026-08-05T23:00:03Z,1143592,8212,0.0
Baby Shark - Pinkfong Kids' Songs & Stories,MDUT727JZ5s,Visit Doctor Baby Shark When You’re Sick 🩺 | Boo Boo Song & Healthy Habits | Pinkfong Official,2026-08-04T23:00:07Z,387343,507,0.0
Baby Shark - Pinkfong Kids' Songs & Stories,Fc371LglkNo,Can you make shapes with your hands? 🫶 Do the shape dance with Melody #hellomelody,2026-08-02T23:00:24Z,499224,4991,0.0
Baby Shark - Pinkfong Kids' Songs & Stories,25NdXBbMhfs,Ninimo's Best Kids Songs | Orange Cat Ninimo | Pinkfong Official,2026-08-01T23:00:06Z,349992,484,0.0
Baby Shark - Pinkfong Kids' Songs & Stories,n2herQTM8r8,🤕 🩹 Boo Boo Song (Part2) | Hospital Play | Hoi's Playground | Pinkfong Official,2026-07-31T23:00:26Z,2188024,1514,0.0
Baby Shark - Pinkfong Kids' Songs & Stories,w0Q6jqiXCCo,What do you need before you go swimming? 🏊 #watersafety,2026-07-30T12:00:04Z,990785,6419,0.0
Baby Shark - Pinkfong Kids' Songs & Stories,dBIyGPrd9D8,Share the Love💖 (Sing with Friends!) | International Friendship Day Special | Pinkfong Official,2026-07-29T23:00:36Z,579471,533,0.0
Baby Shark - Pinkfong Kids' Songs & Stories,9LMaktL8ctg,Pause to decide what to do with your friends! 🎲 #friendshipday,2026-07-29T23:00:19Z,400388,3211,0.0
Baby Shark - Pinkfong Kids' Songs & Stories,vITj8si4RQk,Summer Baby Shark Mix Playlist | 100 Minutes of Non-Stop Fun | Pinkfong Official,2026-07-28T23:00:17Z,1766290,1234,0.0
Baby Shark - Pinkfong Kids' Songs & Stories,e2Pmi0wvPWw,🌈 Welcome to Rainbow World! Sing the Rainbow Song with Melody #learncolors #hellomelody,2026-07-26T23:00:37Z,602094,6965,0.0
Baby Shark - Pinkfong Kids' Songs & Stories,dUpgZt6wIfk,Run Away from the REAL Sharks! | More and More Sharks | Pinkfong Official,2026-07-25T23:00:17Z,87583,215,0.0
Baby Shark - Pinkfong Kids' Songs & Stories,iGH3rembdZg,MC Grammar x Baby Shark Hip Hop Remix – Baby Shark Dance (Official Video),2026-07-24T12:00:39Z,253780,594,0.0
Baby Shark - Pinkfong Kids' Songs & Stories,0s47WWA9pM0,🔴 LIVE! ⚡24 Hours of Hoi and Sammy | Rescue Mission Full Episodes | ‪@Pinkfong LIVE,2026-07-23T07:29:47Z,852865,5218,0.0
Baby Shark - Pinkfong Kids' Songs & Stories,sGIsDdiqx_w,🔴 LIVE! 🧟24 Hours of Spooky Baby Shark Dance | Happy August Shark Month🦈 | @Pinkfong LIVE,2026-07-23T07:15:02Z,576727,811,0.0
Baby Shark - Pinkfong Kids' Songs & Stories,_-MAr9qoVkM,Sing 1 2 3 4 5 with @PinkfongDinosaurs #learntocount #numbers,2026-07-22T23:00:03Z,811983,7928,0.0
Baby Shark - Pinkfong Kids' Songs & Stories,9sLAGwabeU8,🌙 1-Hour Dinosaur World Storytime Compilation | Bedtime Stories for Kids | Pinkfong Official,2026-07-21T23:00:04Z,168402,263,0.0
Baby Shark - Pinkfong Kids' Songs & Stories,GgkU0KJFNV0,🖐️ Learn to Count with Your Fingers with Melody! #fingerplay #1to10 #hellomelody,2026-07-19T23:00:00Z,720808,6289,0.0
Baby Shark - Pinkfong Kids' Songs & Stories,GcAAt1Fws8U,[Best of the Best] 🧟 Creepy Zombies & Monsters Compilation | Spooky Summer Night | Pinkfong Official,2026-07-18T23:00:33Z,822705,812,0.0
Baby Shark - Pinkfong Kids' Songs & Stories,JqM0Nuycr1Q,Hide and Seek with Thief Baby Shark | Find the Thief Shark | Pinkfong Official,2026-07-16T23:00:01Z,1042326,808,0.0
Baby Shark - Pinkfong Kids' Songs & Stories,6LKXwJ-YtPs,Unbox the Squishies with Pinkfong! #learnemotions #asmr,2026-07-15T23:00:33Z,565316,5117,0.0
Baby Shark - Pinkfong Kids' Songs & Stories,V07WLidn6U4,"Johny Johny, Yes Papa Nursery Rhyme | Where Is Johny? | Pinkfong Official",2026-07-14T23:00:36Z,1786923,880,0.0
Baby Shark - Pinkfong Kids' Songs & Stories,qKZQ9XqOivU,"🦈 Baby Shark Playground Grand Opening | 17 July at West Coast Plaza, Singapore",2026-07-14T12:00:04Z,565627,3462,0.0
Baby Shark - Pinkfong Kids' Songs & Stories,pmzyy5fpE3c,Let's just wait a bit (until Baby Shark stops talking) 🏝️#BabySharkSwimBreak #summer #watersafety,2026-07-13T12:00:16Z,598599,5096,0.0
Baby Shark - Pinkfong Kids' Songs & Stories,01BejTyy0Cw,[Full Episodes] ⚡Sammy's Rescue Mission | Floor Is Lava + More | Pinkfong Official,2026-07-11T23:00:18Z,1409208,476,0.0
Baby Shark - Pinkfong Kids' Songs & Stories,qCCPOqcTN7s,Meet Hoi & Poi! Pinkfong's New Best Friends 🩷 #HoiPoiPinkfong #dancetime,2026-07-10T23:00:04Z,628050,6132,0.0
Baby Shark - Pinkfong Kids' Songs & Stories,YR-Zrrlavxw,Shark Family's Hide and Seek at the Dentist | Hospital Play | Pinkfong Official,2026-07-09T23:00:16Z,738175,720,0.0
Baby Shark - Pinkfong Kids' Songs & Stories,uwVhORYnJ5k,Uh-oh! What should you do when your tummy hurts? 🤕 #pottytrain,2026-07-08T23:00:23Z,2341557,17957,0.0
Baby Shark - Pinkfong Kids' Songs & Stories,SqpCnSptXWE,🐺 The Wolf and the Seven Little Goats | The Big Bad Wolf Song | Pinkfong Official,2026-07-07T23:00:29Z,3150375,2234,0.0
Baby Shark - Pinkfong Kids' Songs & Stories,duU4yjmshXs,I wish I had adult super-vision! #BabySharkSwimBreak #summer #watersafety #pool,2026-07-06T12:00:11Z,1062761,6559,0.0
Baby Shark - Pinkfong Kids' Songs & Stories,ZOvjE8aCYRY,Bath Time Routine for Kids 🫧 | Baby Shark Bath Time Songs | Pinkfong Official,2026-07-04T23:00:16Z,473865,469,0.0
Baby Shark - Pinkfong Kids' Songs & Stories,ueEc6BvIa0M,"My First Joy! BABY SHARK TV 💗 | Nursery Rhymes, Phonics, Lullabies and More | Pinkfong Official",2026-07-03T12:00:14Z,212875,416,0.0
Baby Shark - Pinkfong Kids' Songs & Stories,QrjMcZY7k4E,Hide and Seek with the Halloween Thief Sharks | Zombie Sharks | Pinkfong Official,2026-07-02T23:00:07Z,1199809,822,0.0
Baby Shark - Pinkfong Kids' Songs & Stories,tnEgFKo-wCg,Time to Sit on the Potty 🚽 #pottytrain #pottysong,2026-07-01T23:00:07Z,651390,4637,0.0
Baby Shark - Pinkfong Kids' Songs & Stories,cyvF8DOybzM,Freeze Dance Time | Toddler Dance Party | Pinkfong Official,2026-06-30T23:00:06Z,2182108,1390,0.0
Baby Shark - Pinkfong Kids' Songs & Stories,ctQYHXGFNL8,What Animals Did Baby Shark Turn Into? #learnanimals,2026-06-28T23:00:34Z,613425,4782,0.0
Baby Shark - Pinkfong Kids' Songs & Stories,WrO0t02tp-I,🐵 Monkey Banana Dance with Hoi | Five Little Monkeys + More | Pinkfong Official,2026-06-27T23:00:39Z,1505201,1258,0.0
Baby Shark - Pinkfong Kids' Songs & Stories,4POxq2YKCNY,Shark Family's Hospital Hide and Seek | Hospital Play | Pinkfong Official,2026-06-25T23:00:30Z,2584461,1877,0.0
Baby Shark - Pinkfong Kids' Songs & Stories,Pmw0qRrZYVU,Color Baby Shark in Different Colors 🎨 #babyshark #birthdaycelebration #learncolors,2026-06-24T23:00:39Z,559358,3643,0.0
Baby Shark - Pinkfong Kids' Songs & Stories,fPKORHqQDnw,[Full Episodes] Baby Shark Toy Car Compilation | Boo Boo Song + More | Pinkfong Official,2026-06-23T23:00:30Z,704484,434,0.0
Baby Shark - Pinkfong Kids' Songs & Stories,mxl7z2rTYGg,Can you do the Itsy Bitsy Spider with your hands? 🕷️ #hellomelody,2026-06-22T12:00:05Z,1683690,18255,0.0
Baby Shark - Pinkfong Kids' Songs & Stories,YqhsPKk5D4Y,🇬🇧 UK Amazon Prime Day: Up to 30% OFF Pinkfong! #primeday2026 #kidstoys,2026-06-21T23:00:25Z,478515,3917,0.0
Baby Shark - Pinkfong Kids' Songs & Stories,YKYDNpOi0cs,🚗 Baby Car Goes Vroom Vroom Vroom | Easy Nursery Rhymes | Pinkfong Official,2026-06-20T23:00:24Z,17771208,6918,0.0
Baby Shark - Pinkfong Kids' Songs & Stories,Lhjd0D-dNI4,Babysitting Battle! Baby Princess vs Baby Witch | Super Solver Sammy | Pinkfong Official,2026-06-18T23:00:30Z,219879,376,0.0
Baby Shark - Pinkfong Kids' Songs & Stories,J9SCf0GlIKk,Can you count 1 to 10? 👀🎂 #babyshark  #birthdaycelebration,2026-06-17T23:00:01Z,11167804,61974,0.0
Baby Shark - Pinkfong Kids' Songs & Stories,9Ml7Z5lZiSQ,🦈💙 Best Baby Shark Episodes Only | Birthday Special | 80 Minutes | Pinkfong Official,2026-06-16T23:00:21Z,3957464,2939,0.0
Baby Shark - Pinkfong Kids' Songs & Stories,6m-Zv8fBmvY,Happy Birthday @BabyShark 🦈💙 Look who's here to celebrate! #friendship #birthdaysong,2026-06-15T23:00:35Z,800949,6110,0.0
Baby Shark - Pinkfong Kids' Songs & Stories,IRUJQnsNGSo,The World's Dirtiest Customers! | 🧼 Bath Time with Baby Shark | Pinkfong Official,2026-06-15T23:00:14Z,1054215,343,0.0
Baby Shark - Pinkfong Kids' Songs & Stories,192MgERx7mk,🌈 What color is @Pinkfong? #learncolors,2026-06-14T23:00:26Z,950093,6428,0.0
Baby Shark - Pinkfong Kids' Songs & Stories,yXvU8WCig8Q,🚌 The Wheels on the School Bus | Featuring Sammy & Pinkfong | Pinkfong Official,2026-06-13T23:00:35Z,1737083,867,0.0
Baby Shark - Pinkfong Kids' Songs & Stories,F_0uytyoWIo,🏝️ Survive on a Deserted Island | Survival Mission with Sammy | Pinkfong Official,2026-06-11T23:00:24Z,1885042,594,0.0
Baby Shark - Pinkfong Kids' Songs & Stories,ydgOp65CvSE,Baby Shark Explores Singapore with Pakcik and Merli! 🇸🇬🦈,2026-06-11T11:00:10Z,637177,160,0.0
Baby Shark - Pinkfong Kids' Songs & Stories,fbMF1NR-N4Q,Turn my face into a... Fox?! 🦊 #pinkfong,2026-06-10T23:00:03Z,1043355,7078,0.0
Baby Shark - Pinkfong Kids' Songs & Stories,CBdqwl-LWao,🎤 Pinkfong & Baby Shark LIVE at My First Concert 💃,2026-06-10T12:00:33Z,13573,82,0.0
Baby Shark - Pinkfong Kids' Songs & Stories,a53J0C73d1Q,[🏆TOP7] Baby Shark Dance Songs | Animal Song | Doo Doo Doo | Pinkfong Official,2026-06-09T23:00:01Z,3805020,2728,0.0
Baby Shark - Pinkfong Kids' Songs & Stories,ZyCOFvg02JI,10 Monsters in a Spooky House | Mischievous Baby Shark | Pinkfong Official,2026-06-08T23:00:03Z,992367,340,0.0
Baby Shark - Pinkfong Kids' Songs & Stories,6km0FZf4KgE,ASMR for a Good Night’s Sleep 😴 #asmr #pinkfong,2026-06-07T23:00:02Z,826724,5894,0.0
Baby Shark - Pinkfong Kids' Songs & Stories,11q4Jt0QAP4,Help the Yellow Bus & Excavator | 🚌 Car Hospital Compilation | Pinkfong Official,2026-06-06T23:00:02Z,1255356,631,0.0
Baby Shark - Pinkfong Kids' Songs & Stories,xLfoTJGzqg8,My First Concert LIVE! Featuring Pinkfong & Baby Shark | UK & Ireland Tour,2026-06-06T12:00:09Z,1934,11,0.0
Baby Shark - Pinkfong Kids' Songs & Stories,6l14tV-woRs,Five Little Monkeys | Hoi’s Playground | Dance Along | Pinkfong Official,2026-06-04T23:00:00Z,8980093,5978,0.0
Baby Shark - Pinkfong Kids' Songs & Stories,Goh-VY9Lyjs,I miss my bestie 😭 #hogi,2026-06-03T23:00:01Z,1123319,10343,0.0
Baby Shark - Pinkfong Kids' Songs & Stories,NXHTmg_o3c0,🇸🇬 Baby Shark River Cruise TICKET OPEN! 🛳️ Get tickets for Baby Shark Cruise via Water B website!,2026-06-03T12:00:00Z,773555,4271,0.0
Baby Shark - Pinkfong Kids' Songs & Stories,JrlVNPZmT4s,[BEST 22] Kids’ Favorite NEW Episodes | 2026 Compilation | Pinkfong Official,2026-06-02T23:00:16Z,7827461,5489,0.0
Baby Shark - Pinkfong Kids' Songs & Stories,SUIYsHAQjXY,If You’re Happy And You Know It | Mischievous Baby Shark | Pinkfong Official,2026-06-01T23:00:07Z,2277891,1402,0.0
Baby Shark - Pinkfong Kids' Songs & Stories,oxdC9eAfLfQ,Catch the Ingredients to Make a Sandwich! 🥪 #learntocook,2026-05-31T23:00:10Z,1218371,9284,0.0
Baby Shark - Pinkfong Kids' Songs & Stories,qpHHA4g1mYg,Help the Zombie Police Car & Monster Truck | 🚓 Car Hospital Compilation | Pinkfong Official,2026-05-30T23:00:07Z,1223929,522,0.0
Baby Shark - Pinkfong Kids' Songs & Stories,_vc6ICn6OlU,Run Away from the Crocodiles! | Nursery Rhyme | Hoi's Playground | Pinkfong Official,2026-05-28T23:00:05Z,1253520,682,0.0
Baby Shark - Pinkfong Kids' Songs & Stories,uOEjQB1rn7o,Sing Baby Shark Dance with #babyshark dolls #nurseryrhymes,2026-05-27T23:00:10Z,4775066,23206,0.0
Baby Shark - Pinkfong Kids' Songs & Stories,7edNWW09dpI,[Best of the Best] Veo! Catch the Thieves | Police Game Compilation | Pinkfong Official,2026-05-26T23:00:03Z,1853535,1350,0.0
Baby Shark - Pinkfong Kids' Songs & Stories,TiiF3ZRFtpY,Rain Rain Go Away ☔ | Mischievous Baby Shark | Pinkfong Official,2026-05-25T23:00:27Z,1037664,881,0.0
Baby Shark - Pinkfong Kids' Songs & Stories,H8OjC7gdmo8,Splash Splash Bath Time with Pinkfong and Baby Shark 🫧 #bathtime,2026-05-24T23:00:09Z,2101500,16790,0.0
Baby Shark - Pinkfong Kids' Songs & Stories,X8uggeqvZp4,Help the Broken Police Car & Water Truck | 🚓 Car Hospital Compilation | Pinkfong Official,2026-05-23T23:00:29Z,1614093,840,0.0
Baby Shark - Pinkfong Kids' Songs & Stories,Dx5SwgwCfWg,Unlock Your Color Superpower! | Super Solver Sammy | Pinkfong Official,2026-05-21T23:00:10Z,159012,307,0.0
Baby Shark - Pinkfong Kids' Songs & Stories,8CpnQTibL10,Oh weeee #ninimo #orangecat,2026-05-20T23:00:12Z,1743634,11496,0.0
Baby Shark - Pinkfong Kids' Songs & Stories,CZwqZWYILe8,Pinkfong & Ninimo Nursery Rhymes Compilation | Five Little Monkeys + More | Pinkfong Official,2026-05-19T23:00:17Z,4513765,3169,0.0
Baby Shark - Pinkfong Kids' Songs & Stories,3UpRdYLWPbs,What's your favorite color? 💛💗💚💙💜 #art #viral #babyshark,2026-05-19T12:00:04Z,37604977,259386,0.0
Baby Shark - Pinkfong Kids' Songs & Stories,MR6Ux7zDe7I,Pat-a-Cake Song | Mischievous Baby Shark Thief | Pinkfong Official,2026-05-18T23:00:32Z,1413609,609,0.0
Baby Shark - Pinkfong Kids' Songs & Stories,hw5pmG8vZEo,Let’s paint Baby Shark with glitters ✨ #learntodraw #diy,2026-05-17T23:00:40Z,695051,3354,0.0
Baby Shark - Pinkfong Kids' Songs & Stories,RUfAlqSAr9E,Where Did My Legs Go? | Find the Missing Body Parts | Pinkfong Official,2026-05-16T23:00:19Z,16234644,6836,0.0
Baby Shark - Pinkfong Kids' Songs & Stories,byRZrLYIuyo,Sammy’s Mystery Kitchen | Let’s Make a Pizza | Super Solver Sammy | Pinkfong Official,2026-05-15T23:00:41Z,501041,229,0.0
Baby Shark - Pinkfong Kids' Songs & Stories,UBeB88kUvCw,Original Baby Shark Dance but FASTER 🔥 #kidssongs #kidslearning,2026-05-13T23:00:25Z,1421069,11775,0.0
Baby Shark - Pinkfong Kids' Songs & Stories,SjehpVr7PA0,[Full Episodes] Super Safeguard Sammy Kids Cartoon ⚡ | Water Safety Songs + More | Pinkfong Official,2026-05-12T23:00:24Z,1144658,464,0.0
Baby Shark - Pinkfong Kids' Songs & Stories,3COF7VcbRbE,OUCH! The Firefighter Is Hurt 🧑‍🚒 | Baby Shark's Hospital Play | Pinkfong Official,2026-05-11T23:00:06Z,1740213,997,0.0
Baby Shark - Pinkfong Kids' Songs & Stories,COQPAgoe5a0,You took my earbuds!!! #pinkfong #babyshark,2026-05-10T23:00:24Z,1279335,9268,0.0
Baby Shark - Pinkfong Kids' Songs & Stories,DuDkSTTg6UA,Johnny Johnny Yes Papa 👶 | Kids Song & Nursery Rhyme | Pinkfong Official,2026-05-09T23:00:12Z,4107350,1612,0.0
Baby Shark - Pinkfong Kids' Songs & Stories,MKugYfyJk58,Baby Shark Splashes Into Fairmont Singapore! 🦈✨ | Ultimate Family Stay Experience,2026-05-09T12:00:43Z,617888,181,0.0
Baby Shark - Pinkfong Kids' Songs & Stories,Kh2-l-bmm9o,The Wheels on the School Bus | Super Solver Sammy | Pinkfong Official,2026-05-07T23:00:27Z,2084640,1169,0.0
Baby Shark - Pinkfong Kids' Songs & Stories,G1WARwx0JVw,Can You Find Mo? 👀 Which Cup Is It? #cupgame #ninimo,2026-05-06T23:00:16Z,1125526,6764,0.0
Baby Shark - Pinkfong Kids' Songs & Stories,HIE47a27Jd4,[Loop] Hoi Got a Boo Boo 🩹 | 30 Minutes Healthy Habits Song | Pinkfong Official,2026-05-05T23:00:17Z,4329460,732,0.0
Baby Shark - Pinkfong Kids' Songs & Stories,N4CRBv-fEhY,"⏸️  Pause when Pinkfong, Baby Shark, and Hogi pop out!",2026-05-03T23:00:17Z,1102961,7777,0.0
Baby Shark - Pinkfong Kids' Songs & Stories,VO47E5WsJeg,Swim Safe with Super Safeguard Sammy 🛟 | Summer Water Safety Song for Kids | Pinkfong Official,2026-05-02T23:00:35Z,713164,309,0.0
Baby Shark - Pinkfong Kids' Songs & Stories,GZbDIT4GvZk,Babysitting Super Baby Sammy | Super Solver Sammy | Pinkfong Official,2026-04-30T23:00:18Z,301714,469,0.0
Baby Shark - Pinkfong Kids' Songs & Stories,72t3aRho76o,Move like the dinosaurs 🦖🦕 #tyrannosaurus,2026-04-29T23:00:14Z,2168442,14119,0.0
Baby Shark - Pinkfong Kids' Songs & Stories,Aja67PtDfh0,Move Your Body with Us🕺 | Fun Brain Break Dance Songs for Kids | Pinkfong Official,2026-04-28T23:00:11Z,3528994,831,0.0
Baby Shark - Pinkfong Kids' Songs & Stories,xplIU3Zdbmw,Skin Care Step-by-Step with @Pinkfong #asmr,2026-04-26T23:00:56Z,1401162,9405,0.0
Baby Shark - Pinkfong Kids' Songs & Stories,u9emKEVfDqw,Help! Doctor Pinkfong and Baby Shark 🏥 | Five Little Monkeys + More | Pinkfong Official,2026-04-25T23:00:49Z,1702096,497,0.0
Baby Shark - Pinkfong Kids' Songs & Stories,XoFoqozegFc,Ouch my hand hurts 😢 #booboo #babyshark #toys,2026-04-24T23:00:41Z,2145571,9229,0.0
Baby Shark - Pinkfong Kids' Songs & Stories,mrSQbgqnd-U,Press & Sing! Get Baby Shark Sound Book with 10 Songs 🦈 @Pinkfong YouTube Shopping,2026-04-24T12:01:33Z,989046,9102,0.0
Baby Shark - Pinkfong Kids' Songs & Stories,85dDM74-V6g,The Classroom Floor is Lava 🆘 | Escape with Super Solver Sammy | Pinkfong Official,2026-04-23T23:00:10Z,783601,656,0.0
Baby Shark - Pinkfong Kids' Songs & Stories,WuVwHeb3ncs,What Do Dinosaurs Say? 🦖 #roar #tyrannosaurus,2026-04-22T23:00:40Z,961494,4363,0.0
Baby Shark - Pinkfong Kids' Songs & Stories,Y7RYLfX6uCc,Best Zombie Cartoon Mix | Mysterious Zombie Sharks and Pinkfong | Pinkfong Official,2026-04-21T23:00:36Z,850392,352,0.0
Baby Shark - Pinkfong Kids' Songs & Stories,PrEFvRZcmOM,Baby Shark Beach Concert with HIRAIDAI | Official Music Video | Pinkfong Official,2026-04-21T10:00:29Z,1042952,639,0.0
Baby Shark - Pinkfong Kids' Songs & Stories,og1lOorpX3Q,Baby Shark Dance More and More | Doo Doo Doo 60 Min | Baby Shark Non-Stop | Pinkfong Official,2026-04-21T07:27:38Z,1897062,1502,0.0
Baby Shark - Pinkfong Kids' Songs & Stories,wSIYciqZrME,Count the Baby Sharks 🦈 #babyshark,2026-04-17T23:01:08Z,1150327,6374,0.0
Baby Shark - Pinkfong Kids' Songs & Stories,UmubbWqAckg,Too Cold or Too Hot? 🥶🔥 | Hypothermia & Heatstroke Song | Super Safeguard Sammy | Pinkfong Official,2026-04-16T23:00:37Z,1829577,788,0.0
Baby Shark - Pinkfong Kids' Songs & Stories,D4-6wKT9jVk,Bath @Pinkfong with Me 🫧 #bathtime,2026-04-15T23:00:15Z,19992559,89453,0.0
Baby Shark - Pinkfong Kids' Songs & Stories,MTOM2ooYGCQ,Ninimo Cat Song Special 🐱 | Orange Cat Compilation | Pinkfong Official,2026-04-14T23:00:33Z,5642219,4176,0.0
Baby Shark - Pinkfong Kids' Songs & Stories,n9y81lPO7V4,[Best of the Best] Hoi’s Playground Best Episodes 💛 | Hoi & Baby Shark Friends | Pinkfong Official,2026-04-11T23:00:47Z,4453195,1281,0.0
Baby Shark - Pinkfong Kids' Songs & Stories,AO8ftUOlMfg,Giant Shark is After Sammy! 😱 Can Sammy Escape? Find it out @Pinkfong #watersafety,2026-04-10T23:00:07Z,1279362,7520,0.0
Baby Shark - Pinkfong Kids' Songs & Stories,TlxkiTl6HQk,Winter Safety Song | The Floor is Lava | Super Safeguard Sammy | Pinkfong Official,2026-04-09T23:00:35Z,1365784,467,0.0
Baby Shark - Pinkfong Kids' Songs & Stories,0daEsEiZARI,What's in pinkfong's bag? #asmr #popit,2026-04-08T23:00:01Z,1299723,8433,0.0
Baby Shark - Pinkfong Kids' Songs & Stories,myC3884JPRY,Shapes Are All Around Song | Learn Shapes | Pinkfong Official,2026-04-07T23:00:50Z,2391043,1312,0.0
Baby Shark - Pinkfong Kids' Songs & Stories,GOCj2dAxfHo,Pinkfong Car Mechanic Compilation 🚗🛠️ | 2 Hours | Brain Break for Kids | Pinkfong Official,2026-04-04T23:00:30Z,1633512,1101,0.0
Baby Shark - Pinkfong Kids' Songs & Stories,otAYhbxERsQ,🌈 Original Colorful Baby Shark Dance #learncolors,2026-04-03T23:00:50Z,15500445,71090,0.0
Baby Shark - Pinkfong Kids' Songs & Stories,je71EPN-vbE,Brush Your Teeth Song 🦷 | Healthy Habit | Super Safeguard Sammy | Pinkfong Official,2026-04-02T23:00:46Z,986849,474,0.0
Baby Shark - Pinkfong Kids' Songs & Stories,AtKkaLwQBAg,Can you spin like @Pinkfong?,2026-04-01T23:00:16Z,1793987,11760,0.0
Baby Shark - Pinkfong Kids' Songs & Stories,C4yUeOR6Pfw,Can you guess what song this is? 🤔🎶 Check the description for the answer! #aprilfools,2026-03-31T23:00:20Z,1803549,15880,0.0
Baby Shark - Pinkfong Kids' Songs & Stories,-InIsEx6DuM,Boo Boo Song More and More | Hospital Playtime Nursery Rhymes | Pinkfong Official,2026-03-31T23:00:00Z,3800134,2052,0.0
Baby Shark - Pinkfong Kids' Songs & Stories,55fg85rsiuQ,🔴 Learn with Pinkfong: Dance-Along Nursery Rhymes | Fun Indoor Physical Activities for Toddlers,2026-03-30T20:37:35Z,529375,255,0.0
Baby Shark - Pinkfong Kids' Songs & Stories,szj1tWRiXAE,[Full Episodes] Did You Know These Animals? | Creepy Zombie Animals and More | Pinkfong Official,2026-03-28T23:00:42Z,549519,527,0.0
Baby Shark - Pinkfong Kids' Songs & Stories,RNRorMkiKpU,"Brush, brush Baby Shark’s teeth! #hospitalplay",2026-03-27T23:00:19Z,4552938,29803,0.0
Baby Shark - Pinkfong Kids' Songs & Stories,fTYhA_j6cUw,Water Safety Song | Run Away from Sharks | Super Safeguard Sammy | Pinkfong Official,2026-03-26T23:00:43Z,2414596,1071,0.0
Baby Shark - Pinkfong Kids' Songs & Stories,TvZndWQnUA8,Someone's crying mama 🥺 #johnyjohnyyespapasong,2026-03-25T23:00:35Z,1551858,9356,0.0
Baby Shark - Pinkfong Kids' Songs & Stories,rPtQqgFqJG0,Johny Johny Yes Papa Song | Scary Sing-Along Mix | Pinkfong Official,2026-03-24T23:01:00Z,1678785,408,0.0
Baby Shark - Pinkfong Kids' Songs & Stories,yHQDB4HW53I,🇸🇬 If you haven’t visited Splash Wonder yet… this is your sign 👀 #BabyShark #Singapore #waterpark,2026-03-23T23:01:12Z,911491,5902,0.0
Baby Shark - Pinkfong Kids' Songs & Stories,hqHEujHVUmg,🌸 Baby Shark Spring Remix | Spring Sharks and More | Pinkfong Official,2026-03-21T23:00:44Z,1426167,860,0.0
Baby Shark - Pinkfong Kids' Songs & Stories,7EP5nY2pksM,One.. Two... Three... 🎉 #ninimo,2026-03-20T23:00:20Z,1745763,8411,0.0
Baby Shark - Pinkfong Kids' Songs & Stories,FinHEHWXqa4,Ninimochi Song 🐱 (Dance Version) | Easy Kids Song | Pinkfong Official,2026-03-19T23:00:19Z,2615427,1925,0.0
Baby Shark - Pinkfong Kids' Songs & Stories,HH0OXnXdj4c,🔴 LIVE! Baby Shark Dance Full Episodes | +Spooky Zombie Sharks | @Pinkfong  LIVE,2026-03-19T01:32:06Z,855346,966,0.0
Baby Shark - Pinkfong Kids' Songs & Stories,AJFU8Z56FQo,What’s popping out of the Mysterious Machine? 🤖 #zombie #pinkfong,2026-03-18T23:00:25Z,1835129,13014,0.0
Baby Shark - Pinkfong Kids' Songs & Stories,1WNRbVuALxA,Run Away! Big and Fast Sharks | Sharks and Killer Whales | Pinkfong Official,2026-03-17T23:00:02Z,592216,734,0.0
Baby Shark - Pinkfong Kids' Songs & Stories,Xs1YVj4HLdQ,Catch the Ten Thieves 🚨 | Pinkfong Police | Pinkfong Official,2026-03-14T23:00:38Z,2024771,1145,0.0
Baby Shark - Pinkfong Kids' Songs & Stories,AJ34r6DbvEI,Meow Meow 🐱🐾 #ninimo #pinkfong,2026-03-13T23:00:24Z,1884148,11339,0.0
Baby Shark - Pinkfong Kids' Songs & Stories,fKKVELUgTPE,Ninimochi Song 🍡 (Mochi Version) | Easy Kids Song | Pinkfong Official,2026-03-12T23:00:51Z,1237731,1550,0.0
Baby Shark - Pinkfong Kids' Songs & Stories,OJ0bjMOtKdY,🟣 LIVE! Mystical Fairy Tales Full Episodes | 24 Hours of Spooky Songs | @Pinkfong LIVE,2026-03-12T02:08:01Z,551720,413,0.0
Baby Shark - Pinkfong Kids' Songs & Stories,rJthQVzhZrY,Color match time with @Pinkfong #colors,2026-03-11T23:01:07Z,1564635,8672,0.0
Baby Shark - Pinkfong Kids' Songs & Stories,uPZ6BgKCjhM,✋ Spooky Finger Family | Learn to Count with Zombie Sharks | Pinkfong Official,2026-03-10T23:01:11Z,858017,425,0.0
Baby Shark - Pinkfong Kids' Songs & Stories,eyX4D88Fk6k,Sing 10 Fun Songs with the Baby Shark Sing-Alongs Sound Book 🦈🎤 @Pinkfong YouTube Shopping,2026-03-09T23:00:48Z,1165668,12464,0.0
Baby Shark - Pinkfong Kids' Songs & Stories,MfIwF6QoRm4,Police Officer Visits Doctors | Boo Boo Song & More Hospital Play | Pinkfong Official,2026-03-07T23:00:33Z,921876,428,0.0
Baby Shark - Pinkfong Kids' Songs & Stories,pgEvKDxcGjo,"Eat, eat, eat until you’re full 😋 #mukbang #mealtime",2026-03-06T23:00:56Z,1865029,12209,0.0
Baby Shark - Pinkfong Kids' Songs & Stories,EdIThiZ6cGc,"Run Away! Dangerous Animals! | Pinkfong, Did You Know That? | Pinkfong Official",2026-03-05T23:00:30Z,2587714,1794,0.0
Baby Shark - Pinkfong Kids' Songs & Stories,l7U3ju2VG2Y,The Melody bus goes round and round 🚌 Learn with #hellomelody @BabyShark_DancePlay,2026-03-04T23:01:05Z,2294253,22806,0.0
Baby Shark - Pinkfong Kids' Songs & Stories,39DQ251XVc8,Eat Your Fruits and Veggies 🥦🍎 | Healthy Habit Song | Pinkfong Official,2026-03-03T23:00:08Z,5219219,3973,0.0
Baby Shark - Pinkfong Kids' Songs & Stories,uFZXvXWF5Bg,[Full Episodes] Pinkfong & Ninimo Kids Songs | Mysterious Zombie Machine + More | Pinkfong Official,2026-02-28T23:01:08Z,35602235,25096,0.0
Baby Shark - Pinkfong Kids' Songs & Stories,L3xBeSSm7No,Make the Clay Baby Shark with @Pinkfong #diy #diycrafts #clay,2026-02-27T23:00:34Z,2429156,14258,0.0
Baby Shark - Pinkfong Kids' Songs & Stories,x9_Qi_EMW8s,"Creepy Zombie Animals | Pinkfong, Did You Know That? | Pinkfong Official",2026-02-26T23:01:20Z,3744256,1984,0.0
Baby Shark - Pinkfong Kids' Songs & Stories,-2KWoYw81KI,Who lives under the sea? The Baby Shark Family! Learn with #hellomelody @BabyShark_DancePlay,2026-02-25T23:00:01Z,3797503,41928,0.0
Baby Shark - Pinkfong Kids' Songs & Stories,qSsF92qMvQg,"Colorful Baby Shark and Baby Cars 🌈 | Yellow, Green, and Blue Colors | Pinkfong Official",2026-02-24T23:01:07Z,4311331,1766,0.0
Baby Shark - Pinkfong Kids' Songs & Stories,VQJ_bGfjoZc,Get your Baby Shark Melody Pad Toy @Pinkfong YouTube Shopping #kidstoys,2026-02-23T23:00:44Z,1226436,7834,0.0
Baby Shark - Pinkfong Kids' Songs & Stories,uQwOLwnFNLA,Spooky Cartoons for Creativity 🧠 | Mystical Fairy Tales and More | Pinkfong Official,2026-02-21T23:00:57Z,1200190,662,0.0
Baby Shark - Pinkfong Kids' Songs & Stories,zPMFoVAl95g,You have to eat it in one bite! #mealtime,2026-02-20T23:01:26Z,2029250,12197,0.0
Baby Shark - Pinkfong Kids' Songs & Stories,6HQ4Am10aRg,Where Is My Color Song | Ninimo Kids Song | Learn Colors | Pinkfong Official,2026-02-19T23:00:08Z,4935546,2816,0.0
Baby Shark - Pinkfong Kids' Songs & Stories,4qSaCBAmn0w,Old Macdonald Had a Farm 🎵 New #hellomelody episodes coming up @BabyShark_DancePlay every week!,2026-02-18T23:00:05Z,1221472,7654,0.0
Baby Shark - Pinkfong Kids' Songs & Stories,KKTL02lB-Lo,🐒  Five Little Monkeys go Faster & Faster! | Monkey Banana Song | Pinkfong Official,2026-02-17T23:00:23Z,530492,430,0.0
Baby Shark - Pinkfong Kids' Songs & Stories,OFXirh-nQZ4,[Monthly Best] Dance with Hoi and Baby Shark | Boo Boo Song + More | Pinkfong Official,2026-02-14T23:00:34Z,4755771,2216,0.0
Baby Shark - Pinkfong Kids' Songs & Stories,cJhUQ1ojYrk,Oh no! Where did Hoi’s big body go?! #booboo,2026-02-13T23:00:54Z,2118424,14627,0.0
Baby Shark - Pinkfong Kids' Songs & Stories,Jcsug5RbEdU,Guess what chocolate it is! #happyvalentinesday #dubaichocolate,2026-02-13T12:00:34Z,1952174,8258,0.0
Baby Shark - Pinkfong Kids' Songs & Stories,aRjogNqeltc,"Who's the King of the Sea? Shark VS Killer Whale | Pinkfong, Did You Know That? | Pinkfong Official",2026-02-12T23:00:01Z,1022616,983,0.0
Baby Shark - Pinkfong Kids' Songs & Stories,xOR0SUr_vmY,When you give you GRUMPY friend a big HUG! #gojellee #snow #hugs #farminimals,2026-02-11T23:01:26Z,996964,5055,0.0
Baby Shark - Pinkfong Kids' Songs & Stories,4UZMsMt9Rtg,Did You Ever See My Body Parts? | Hoi's Playground x Thief Shark | Pinkfong Official,2026-02-10T23:00:14Z,5093109,2622,0.0
Baby Shark - Pinkfong Kids' Songs & Stories,OnCSc3FoiGU,🦈 Baby Shark fans! Shop the Sing-Along Sound Book now on @Pinkfong YouTube Shopping! #soundbooks,2026-02-09T23:00:29Z,1318323,8175,0.0
Baby Shark - Pinkfong Kids' Songs & Stories,QN0LOhX5-uQ,[Best of the Best] Winter Baby Shark Dance Remix | +Best Baby Shark Songs | Pinkfong Official,2026-02-07T23:00:38Z,1276167,1212,0.0
Baby Shark - Pinkfong Kids' Songs & Stories,wdvDpKgChB4,"Yes, Papa! 🧛‍♂️ Watch the full song @Pinkfong #vampire #spookystories",2026-02-06T23:01:17Z,1476598,7274,0.0
Baby Shark - Pinkfong Kids' Songs & Stories,JmwLSFLmaTM,"Copy Me, Mysterious Machine | Ninimo Kids Song | Pinkfong Official",2026-02-05T23:00:22Z,9419004,6621,0.0
Baby Shark - Pinkfong Kids' Songs & Stories,snzMDVJ3OmA,"TRY TRY TRY, till ya FLY FLY FLY #gojellee #farminimals #rhyme #fly #chick",2026-02-04T23:01:24Z,1459985,5495,0.0
Baby Shark - Pinkfong Kids' Songs & Stories,oGAdPBuduYM,Baby Shark is Trapped! | Escape Room | Learn Shapes | Pinkfong Official,2026-02-03T23:01:10Z,2652496,1598,0.0
Baby Shark - Pinkfong Kids' Songs & Stories,1ZPiJUBwxCk,"[TOP 10] Kids’ Favorite Car Songs & Stories | Toy Car, Police Car, Bus | Pinkfong Official",2026-01-31T23:00:02Z,996253,547,0.0
Baby Shark - Pinkfong Kids' Songs & Stories,d9DNWD_PO2A,Escape the Giant Maze | Ninimo Kids Song | Pinkfong Official,2026-01-31T12:01:08Z,1479803,1034,0.0
Baby Shark - Pinkfong Kids' Songs & Stories,7NUgA6ff3Gc,I HATE ONIONS 🧅 Watch full version @Pinkfong #vegetables #fruits,2026-01-30T23:00:16Z,7273446,37613,0.0
Baby Shark - Pinkfong Kids' Songs & Stories,Xs72lWge9vU,🇸🇬🌊 It’s about to get SPLASH-tacular in Singapore!🦈#Pinkfong #BabyShark #waterpark,2026-01-30T12:01:07Z,1011986,4641,0.0
Baby Shark - Pinkfong Kids' Songs & Stories,PHCMlT40OME,"SILLY Ball goes BOING, BOING BOING! @gojellee #gojellee #farminimals #bounce #ball",2026-01-28T23:00:34Z,976451,5345,0.0
Baby Shark - Pinkfong Kids' Songs & Stories,u_3VT0B8j7c,[2 Simple Songs] Listen While Getting Ready for School 🚌 | Wheels on the Farm Bus | Pinkfong,2026-01-28T12:01:45Z,1798758,873,0.0
Baby Shark - Pinkfong Kids' Songs & Stories,60MmZqTdQIo,"Ninimo, the Orange Cat Compilation 🐱 | Pinkfong x Ninimo Special | Pinkfong Official",2026-01-24T23:00:06Z,2762396,2700,0.0
Baby Shark - Pinkfong Kids' Songs & Stories,4XGiOGgkN-c,🛍️ Get Baby Shark & Pinkfong Toys for your Kids! #youtubeshopping #toys,2026-01-24T12:00:10Z,1277358,6279,116.0
Baby Shark - Pinkfong Kids' Songs & Stories,yhH1ssL_s18,[🛍️NEW] How to Shop Baby Shark & Pinkfong Toys on YouTube | Pinkfong Official,2026-01-23T23:01:20Z,85923,171,42.0
Baby Shark - Pinkfong Kids' Songs & Stories,CqgcFpcN2Ow,Where Is My Body? | Let’s Find the Body Parts | Hoi’s Playground | Pinkfong Official,2026-01-22T23:00:27Z,43149065,10321,0.0
Baby Shark - Pinkfong Kids' Songs & Stories,5Eh5zJiPLwE,5-Minute Pancake Mukbang Challenge Starts NOW ⏱️ #mukbang #challenge,2026-01-21T23:00:10Z,1424495,8460,0.0
Baby Shark - Pinkfong Kids' Songs & Stories,IZcOXh7EOzE,"Johny Johny, Yes Papa Song | Monkey & Baby Shark | Pinkfong Official",2026-01-20T23:00:20Z,1089152,641,0.0
Baby Shark - Pinkfong Kids' Songs & Stories,5YwivordfPQ,Thief Shark Family Stories Compilation | Catch the Thief Shark | Pinkfong Official,2026-01-17T23:00:05Z,1177941,948,0.0
Baby Shark - Pinkfong Kids' Songs & Stories,jxWYgQnjLrk,Do the Glow Stick Dance Party with Pinkfong & Hogi 💚,2026-01-16T23:01:04Z,3528259,14999,0.0
Baby Shark - Pinkfong Kids' Songs & Stories,BirmYCsV3Ps,Healthy Eating | Learn Healthy Habits | Super Safeguard Sammy | Pinkfong Official,2026-01-15T23:00:16Z,1771147,1045,0.0
Baby Shark - Pinkfong Kids' Songs & Stories,hUaoQ1EY2_c,SHEEP says rhyming words and gets HIT by a Ball! @gojellee #gojellee #farminimals #ball #rhyme,2026-01-14T23:00:54Z,2053331,6215,0.0
Baby Shark - Pinkfong Kids' Songs & Stories,8MVoVGsj75c,[🏆TOP 10] Kids’ Favorite Baby Shark Songs | Compilation | Pinkfong Official,2026-01-14T01:00:31Z,1326563,934,0.0
Baby Shark - Pinkfong Kids' Songs & Stories,spgn8u6XDkA,Police Car to the Rescue 🚓 | Best Car Songs & Stories | Pinkfong Car Cartoon,2026-01-10T23:01:11Z,1149532,594,0.0
Baby Shark - Pinkfong Kids' Songs & Stories,liSevFaAps0,Ouchie Ouchie! Hoi got stung by a bee 🐝 #hospitalplay #booboo,2026-01-09T23:01:14Z,2545760,12521,0.0
Baby Shark - Pinkfong Kids' Songs & Stories,2S3sLrzHGxI,Yummy Fruits and Vegetables Song | Kids’ Song | Hoi’s Playground | Pinkfong Official,2026-01-08T23:00:08Z,9833612,3866,0.0
Baby Shark - Pinkfong Kids' Songs & Stories,hcMA1w7spA8,SILLY Cow makes GRUMPY Pig smile! @gojellee #gojellee #farminimals #cow #pig,2026-01-07T23:01:05Z,1371515,6797,0.0
Baby Shark - Pinkfong Kids' Songs & Stories,s8JMM3y_bQU,Boo Boo it Hurts! 🩹 | Baby Shark’s Hospital Play | Pinkfong Official,2026-01-06T23:01:14Z,766176,323,0.0
Baby Shark - Pinkfong Kids' Songs & Stories,0RR11bHZ9ZE,[260 Minutes] 🏆 2026 Special: Best of the Best Kids’ Cartoons of 2025 | Pinkfong Official,2026-01-03T23:00:03Z,2956007,2068,0.0
Baby Shark - Pinkfong Kids' Songs & Stories,3svexvuAUr4,Happy New Year Everyone 💖 #babyshark #happynewyear,2026-01-02T23:00:07Z,1236818,6635,0.0
Baby Shark - Pinkfong Kids' Songs & Stories,sq0apc0A53s,Traffic Safety Song | Learn Road Safety | Super Safeguard Sammy | Pinkfong Official,2026-01-01T23:01:10Z,609000,325,0.0
Baby Shark - Pinkfong Kids' Songs & Stories,xb2o3iBMF-A,It’s the first day of 2026! HAPPY NEW YEAR from @Pinkfong & Ninimo #we #loveyou #always,2025-12-31T23:01:38Z,1360771,6862,0.0
Baby Shark - Pinkfong Kids' Songs & Stories,TsGt2UvkI_4,I'm Not Scared to Dance! | Freeze Dance Along Series ❄️ | Pinkfong Official,2025-12-30T23:00:42Z,11138441,5333,0.0
Baby Shark - Pinkfong Kids' Songs & Stories,JT2Jq7d-Evk,@BabyShark x ⁨@PeppaPigOfficial Dance Remix – Baby Shark Dance (Official Video),2025-12-29T14:00:28Z,11621009,13999,0.0
Baby Shark - Pinkfong Kids' Songs & Stories,DFm8Qwe4MdQ,[BEST 25] 2025 Top NEW Episodes Kids Loved! | New Year Special | Pinkfong Official,2025-12-27T23:00:15Z,3761268,2779,0.0
Baby Shark - Pinkfong Kids' Songs & Stories,pjoH9Gn-XDo,🇹🇭 Get ready for Baby Shark Live Musical in Bangkok! #BabyShark #Thailand #kidshow #musical,2025-12-27T12:01:46Z,18734,99,0.0
Baby Shark - Pinkfong Kids' Songs & Stories,-VaSdOPRSWI,​@Kikipuppup always end up fighting?! 🤷 #kitten #puppy #babysharkdance,2025-12-26T23:00:00Z,3324560,23059,0.0
Baby Shark - Pinkfong Kids' Songs & Stories,sJfyw3u4waw,[🎅 NEW] Baby Shark and Santa's Christmas Delivery Mission! | Pinkfong Christmas Story,2025-12-25T23:01:10Z,1040414,617,0.0
Baby Shark - Pinkfong Kids' Songs & Stories,YhFBUa-feCo,Yummy or Yucky?? #mealtime #mukbang,2025-12-25T12:01:10Z,1561046,9846,0.0
Baby Shark - Pinkfong Kids' Songs & Stories,AkH6aQ1c7fM,Merry Christmas to our Subscribers 🎄❤️ #happyholidays,2025-12-24T23:00:14Z,2794956,14761,0.0
Baby Shark - Pinkfong Kids' Songs & Stories,eRLmLDoR5bE,Did You Ever See My Tail? | Find the Missing Tail | Pinkfong Official,2025-12-23T23:01:04Z,10816116,9723,0.0
Baby Shark - Pinkfong Kids' Songs & Stories,LvEgWPRLKmk,Baby Shark’s 12 Days of Christmas and More | Best Christmas Songs | Pinkfong Official,2025-12-20T23:00:34Z,921839,677,0.0
Baby Shark - Pinkfong Kids' Songs & Stories,tnbFmYYJU6Q,Baby Shark Ornament came to life 🦈 Make a great wish ⭐ #happyholidays,2025-12-19T23:01:28Z,1913436,8020,0.0
Baby Shark - Pinkfong Kids' Songs & Stories,8XzNPbF7D1s,[🎅 NEW] Baby Shark's Christmas Eve Rush | Christmas Carol | Pinkfong Christmas Story,2025-12-18T23:00:09Z,1934405,1523,0.0
Baby Shark - Pinkfong Kids' Songs & Stories,Xr9aRsPETlQ,Bake with Baby Shark Family 🍪 #cookies #fasterandfaster,2025-12-17T23:00:46Z,3210326,15158,0.0
Baby Shark - Pinkfong Kids' Songs & Stories,_mi1CLetfzY,Christmas Wheels on the Bus 🎄🚌 | X-Mas Special Compilation | Pinkfong Official,2025-12-16T23:00:47Z,511154,199,0.0
Baby Shark - Pinkfong Kids' Songs & Stories,tWd9itAgpKc,Baby Shark BEST Cartoon Episodes Special | 2Hr Story & Song Compilation | Pinkfong Official,2025-12-13T23:01:13Z,677658,429,0.0
Baby Shark - Pinkfong Kids' Songs & Stories,m4mg21P9AKM,The Wheels on the Santa's Bus goes Round and Round 🎅🚌🎶 #nurseryrhymes,2025-12-12T23:01:09Z,1548688,7112,0.0
Baby Shark - Pinkfong Kids' Songs & Stories,Km2vK2_wkGo,"[🎅 NEW] Knock, knock! Santa or Not? 😱 | Christmas Carol | Pinkfong Christmas Song",2025-12-11T23:00:34Z,2519414,1746,0.0
Baby Shark - Pinkfong Kids' Songs & Stories,Cb_7zuzagPw,Ouch Ouch Ouch 😱 #sammy #booboo,2025-12-10T23:00:24Z,2983233,10400,0.0
Baby Shark - Pinkfong Kids' Songs & Stories,fvaHaVs1vag,🆘 HELP! Doctors to the Rescue | Learn About Jobs: Doctor Sammy & Baby Shark | Pinkfong Official,2025-12-09T23:01:04Z,599805,178,0.0
Baby Shark - Pinkfong Kids' Songs & Stories,MNwwMLq8oT4,Puzzle time with Baby Shark! 🧩ㅣBaby Shark Jigsaw Puzzle Fun App,2025-12-08T23:00:28Z,524329,170,0.0
Baby Shark - Pinkfong Kids' Songs & Stories,hVIs7ZCegZU,🦖Tyrannosaurus Rex and more | @PinkfongDinosaurs Songs & Stories | Pinkfong Dinosaur Cartoon,2025-12-06T23:01:00Z,972641,855,0.0
Baby Shark - Pinkfong Kids' Songs & Stories,U5j5E4zci84,Original Baby Shark Dance but FASTER #fasterandfaster,2025-12-05T23:00:41Z,2958525,15171,0.0
Baby Shark - Pinkfong Kids' Songs & Stories,p4yVg8Xvujs,Who’s ready to run with Baby Shark? 🦈🇸🇬🏃‍♂ #singapore #marinabarrage #babysharkrun,2025-12-05T12:01:51Z,1216289,5061,0.0
Baby Shark - Pinkfong Kids' Songs & Stories,4IZmUZpB-v4,[Pinkfong x Ninimo] Where Are My Eyes? 👀 | Find the missing eyes | Pinkfong Official,2025-12-04T23:00:10Z,3334036,2352,0.0
Baby Shark - Pinkfong Kids' Songs & Stories,rRnI6mU5RE0,Christmas Baby Shark Dance 🎄🦈 #merrychristmas,2025-12-03T23:01:16Z,2835152,15055,0.0
Baby Shark - Pinkfong Kids' Songs & Stories,-DiUm_H1G74,Learn Colors with Baby Car | Let's Rescue William | Pinkfong Colors,2025-12-02T23:00:01Z,2608779,1451,0.0
Baby Shark - Pinkfong Kids' Songs & Stories,RRgxW1oBTi0,Baby Shark Swims to the Top | Winter Compilation | Non-Stop Baby Shark | Pinkfong Official,2025-11-29T23:00:36Z,1812819,1375,0.0
Baby Shark - Pinkfong Kids' Songs & Stories,fvcmTvr8nMI,Life with Ninimo is never boring 💖 #ninimo #pinkfong,2025-11-28T23:01:02Z,3520587,16393,0.0
Baby Shark - Pinkfong Kids' Songs & Stories,DKCzuziPUq0,Baby Shark Live Musical in Bangkok 2026🇹🇭 Get your tickets on Thai Ticket Major#babyshark  #thailand,2025-11-28T12:00:33Z,18753,78,0.0
Baby Shark - Pinkfong Kids' Songs & Stories,59U8OSnmmkg,[🎅 NEW] Wheels on Santa’s Bus | Christmas Carol | Pinkfong Christmas Song,2025-11-27T23:00:08Z,1675837,1033,0.0
Baby Shark - Pinkfong Kids' Songs & Stories,YrudEVyWE0w,Pop the SUBSCRIBE button first! Say hi to @Kikipuppup💜💙,2025-11-26T23:00:48Z,1592944,6984,0.0
Baby Shark - Pinkfong Kids' Songs & Stories,MqDcvaX8YV4,Boo Boo 😭 Who Stole Santa’s Beard? | Find the Beard | Christmas Thief | Pinkfong Official,2025-11-25T23:00:35Z,303276,276,0.0
Baby Shark - Pinkfong Kids' Songs & Stories,mVVc_OBvxMs,[Best of the Best] 🎅 TOP Christmas Songs for Kids | 12 Days of Christmas | Official Pinkfong,2025-11-22T23:01:05Z,654673,576,0.0
Baby Shark - Pinkfong Kids' Songs & Stories,NAKJIo1htnY,"Oh No! Santa, Where Is Your Beard? 🎅🏻 #christmascarol",2025-11-21T23:00:36Z,4362840,21395,0.0
Baby Shark - Pinkfong Kids' Songs & Stories,5P3AYmTCHL4,[Pinkfong x Ninimo] Where Is My Tail? 🐱 | Find the missing tail | Pinkfong Official,2025-11-20T23:00:05Z,1642986,1276,0.0
Baby Shark - Pinkfong Kids' Songs & Stories,SW26OPtIsAA,Blind taste test! #mukbang,2025-11-19T23:00:45Z,1437447,9718,0.0
Baby Shark - Pinkfong Kids' Songs & Stories,Vyu3h16l-6g,Vroom Vroom Baby Car 🚗 | Dance Along Car Songs | Pinkfong Official,2025-11-19T00:42:23Z,1014757,456,0.0
Baby Shark - Pinkfong Kids' Songs & Stories,ydqdy6vGNKQ,Who’s ready to run with Baby Shark? 🦈🇲🇾🏃‍♂ #malaysia #babysharkrun,2025-11-17T12:02:03Z,299126,586,0.0
Baby Shark - Pinkfong Kids' Songs & Stories,WFlHXbz0aqE,Boo Boo Pinkfong visits Doctors! | Healthy Habits for Kids | Pinkfong Official,2025-11-15T23:00:39Z,1494774,981,0.0
Baby Shark - Pinkfong Kids' Songs & Stories,LYezWF3E-A0,Chosen by parents worldwide! Kids’ first learning adventure ✏️ Pinkfong Plus 💕,2025-11-14T23:00:34Z,936018,5564,0.0
Baby Shark - Pinkfong Kids' Songs & Stories,A7zO_dfAoFA,Freeze Dance with Hoi | The Wiggle Dance 🦖 | Hoi’s Playground | Pinkfong Official,2025-11-13T23:00:20Z,8578563,3696,0.0
Baby Shark - Pinkfong Kids' Songs & Stories,Eh4ra7hMrNU,@DoggylandKidsfriends met @BabyShark! Full song available at @Pinkfong🎵🔥,2025-11-12T23:00:16Z,1593211,7845,0.0
Baby Shark - Pinkfong Kids' Songs & Stories,sNP_4e1KuFI,1.5X Faster Baby Shark Dance ⚡ | Faster and Faster Everything | Pinkfong Official,2025-11-12T01:04:51Z,1503598,1313,0.0
Baby Shark - Pinkfong Kids' Songs & Stories,iZX2iKT4HO0,Be kind to your online friends too! 💕 #YouthDigitalWellbeing #Pinkfong #BabyShark,2025-11-09T23:00:53Z,1365318,6672,0.0
Baby Shark - Pinkfong Kids' Songs & Stories,KayCdQMn4M4,Who’s ready to run with Baby Shark? 🦈💨,2025-11-09T12:00:38Z,92275,422,0.0
Baby Shark - Pinkfong Kids' Songs & Stories,jGWr9XmKi0g,[TOP7] Five Little Monkeys | Dance Along | Pinkfong Songs for Children,2025-11-08T23:00:52Z,497141,340,0.0
Baby Shark - Pinkfong Kids' Songs & Stories,nQbB8kR6B50,👀 Play the No Peeking Challenge with Baby Shark! #YouthDigitalWellbeing #Pinkfong #BabyShark,2025-11-07T23:01:11Z,1991204,11688,0.0
Baby Shark - Pinkfong Kids' Songs & Stories,FKnKW6xgcps,🚨 Be careful when talking to a stranger online! #YouthDigitalWellbeing #Pinkfong #BabyShark,2025-11-07T23:00:17Z,1006599,4135,0.0
Baby Shark - Pinkfong Kids' Songs & Stories,GIsHiqo-y7c,🚨 Stop and Think! | Learn Media Literacy with Baby Shark | Pinkfong Official,2025-11-06T23:00:20Z,302613,313,0.0
Baby Shark - Pinkfong Kids' Songs & Stories,8oQm017upTQ,@BabyShark x @DoggylandKids Remix (ft. Snoop Dogg) – Do the Shark (Official Video),2025-11-06T12:00:18Z,4545441,3375,0.0
Blippi - Educational Videos for Kids,dtYXraDuZ6U,Bada Bing Bada BOOM! 💥 Blippi Builds a Blue Train! 🚂,2026-08-19T12:00:22Z,10221,123,0.0
Blippi - Educational Videos for Kids,g_jO2V8ZPmE,"Sink or Float ⚖️💧 Let's Test Trains, Planes, Cars and Boats!",2026-08-17T12:00:10Z,58800,593,0.0
Blippi - Educational Videos for Kids,M-9yUuzFf00,What Vehicle Carries the MOST Candy? 🍬 Toy Vehicle Challenge!,2026-08-16T12:00:14Z,126387,1449,0.0
Blippi - Educational Videos for Kids,mXnKExSeaUw,Blippi's Super Silly Vehicle Race! 🏎️,2026-08-15T10:00:10Z,202750,490,0.0
Blippi - Educational Videos for Kids,a_v0YX0Nqjo,Can You GUESS the Sand Vehicles? 🚗🏖️ Summer Vehicle Challenge!,2026-08-14T12:00:05Z,131857,1481,0.0
Blippi - Educational Videos for Kids,cn4cxq6m7sU,Blippi's Best Space Aventures! 🚀 Top 5 Special,2026-08-13T10:00:01Z,107598,233,0.0
Blippi - Educational Videos for Kids,y9YvWyH5eWg,Blippi Builds a FRUIT Monster Truck! 🍓🛻,2026-08-12T12:00:34Z,1618970,9382,0.0
Blippi - Educational Videos for Kids,L91B_OiWgQA,"Blippi Meets a Kid with his OWN AIRPLANE? ✈️  Big Vehicles, Bigger Questions",2026-08-10T12:00:00Z,235384,2817,0.0
Blippi - Educational Videos for Kids,aKpp8Mu0sYg,It's so HOT! ☀️🍨 Can Blippi Find the Ice Cream Colors in the Farm?,2026-08-09T12:00:35Z,126873,1360,0.0
Blippi - Educational Videos for Kids,Q35dLHdxhDc,PAW Patrol & Blippi's Rescue Mission on Dino Island! 🦖,2026-08-07T10:00:21Z,700049,1488,0.0
Blippi - Educational Videos for Kids,eKM-7b91PMg,SHAPE CHALLENGE! 🟦🟡🔺 Can Blippi Find All the Keys in 30 seconds?,2026-08-07T10:00:21Z,118155,1281,0.0
Blippi - Educational Videos for Kids,KfcgIeEkM-U,HOW MANY Fish Can Mini Blippi Catch? 🐟🐠🐡 Counting Challenge!,2026-08-05T12:00:05Z,221235,2200,0.0
Blippi - Educational Videos for Kids,2T2ufNy9Lw0,Blippi’s Back to School Special! 🏫,2026-08-05T10:00:04Z,338610,534,0.0
Blippi - Educational Videos for Kids,66khhR9cSz0,Can Blippi Fill the Dump Truck BLINDFOLDED?! 🫣🛻,2026-08-03T12:00:18Z,182384,2158,0.0
Blippi - Educational Videos for Kids,n2KjGU80YEc,Blippi & Meekah's Air Vs. Water Vehicle Challenge ✈️,2026-08-01T10:00:26Z,489813,660,0.0
Blippi - Educational Videos for Kids,wnLM_PjRhKs,If You're Like Curious Like Blippi... 🪩🧡 DANCE!,2026-07-31T12:00:15Z,364025,3322,0.0
Blippi - Educational Videos for Kids,KlCosaZNSUo,Blippi and the BIGGEST Bulldozer Ever! 🚧,2026-07-30T10:00:37Z,353944,350,0.0
Blippi - Educational Videos for Kids,6RtGRiPC8H8,Learn Emotions... 😀😭 with ICE CREAM! 🍧,2026-07-29T12:00:35Z,371795,3204,0.0
Blippi - Educational Videos for Kids,mHjc7D5W77s,"Blippi Says... 🚂🛩️ MOVE Like a Train, Plane, and Excavator!",2026-07-27T12:00:34Z,310316,2977,0.0
Blippi - Educational Videos for Kids,osN5yiaRE_U,QUICK Blippi! 🦖🥚 Grab the Dino Eggs Before the Volcano Erupts! 🌋,2026-07-26T12:00:06Z,329243,2474,0.0
Blippi - Educational Videos for Kids,AnHpzWfE6EE,Blippi's Best Construction Vehicles 🏗️ Top 5 Special 🚜,2026-07-25T10:00:29Z,373092,547,0.0
Blippi - Educational Videos for Kids,elOClhsoisM,"Blippi Stacks Trucks, Boats and MORE 🏗️ While BLINDFOLDED!",2026-07-24T12:00:26Z,708096,6251,0.0
Blippi - Educational Videos for Kids,f33YmAHq-a0,How Many VEHICLES can Blippi Make? 🚂🚁 Shapes Challenge! #shorts,2026-07-22T10:00:05Z,367448,3377,0.0
Blippi - Educational Videos for Kids,j3lp0leJXg4,Is That... a BLIMPPI? 🎈 Blippi Makes a DIY Hot Air Balloon!,2026-07-20T12:00:30Z,461198,2715,0.0
Blippi - Educational Videos for Kids,XYu6CKBCyds,What Colors are on YOUR Ice Cream? 🍦,2026-07-19T12:00:01Z,10759308,53540,0.0
Blippi - Educational Videos for Kids,9uHFH5l-uTg,Will It Sink or Float? 🌊 Blippi & Meekah's Waterpark Vehicle Challenge!,2026-07-18T10:00:26Z,2163907,2508,0.0
Blippi - Educational Videos for Kids,aRGlZev1440,Can Blippi Get The Mandalorian to Dance? 🕺🤖 #disney,2026-07-17T12:00:06Z,290957,1962,0.0
Blippi - Educational Videos for Kids,E9JK-7V_t0A,Blippi’s Ball Pit Hide-and-Seek! 🙈,2026-07-16T10:00:12Z,727171,856,0.0
Blippi - Educational Videos for Kids,z2Ec6jpd7JI,It's ELECTRIFYING! ⚡ Blippi Makes a Paper Bunny DANCE! 🐰,2026-07-15T12:00:31Z,397663,3544,0.0
Blippi - Educational Videos for Kids,MROzP5fLI04,Let's Make a DIY T-Rex Dinosaur Cup 🥤 with Blippi! 🦖,2026-07-13T12:00:34Z,378532,2616,0.0
Blippi - Educational Videos for Kids,F2PhMoF0UcE,What's the BIGGEST Soccer Ball ⚽️ Blippi Can Play With?,2026-07-12T12:00:29Z,604145,4347,0.0
Blippi - Educational Videos for Kids,QQyptk0q_AQ,Blippi's Excavator Digging Challenge! 🏗️,2026-07-11T10:00:12Z,798630,779,0.0
Blippi - Educational Videos for Kids,MAJ6nHY50mM,BLUE vs ORANGE ⚽ Which Soccer Ball Will Win the Race? 🏁,2026-07-10T12:00:08Z,816297,6653,0.0
Blippi - Educational Videos for Kids,8U462mY27vg,Blippi Teaches You How To JUGGLE a Soccer Ball! ⚽⬆️,2026-07-08T12:00:23Z,509620,4202,0.0
Blippi - Educational Videos for Kids,hnIwuzJgChI,ARRRR! 🏴‍☠️ Blippi Digs Up a Pirate TREASURE! 🪙,2026-07-06T12:00:20Z,446979,2674,0.0
Blippi - Educational Videos for Kids,Tz-vD8Pi2nU,FREEZE! 🥶 Or You Won't Win Blippi's Freeze Dance Challenge! 🪩,2026-07-05T12:00:24Z,555639,3272,0.0
Blippi - Educational Videos for Kids,lPxNgVY4o8U,Blippi's Best Animal Friends! 🐮 Top 5 Special,2026-07-04T10:00:36Z,511734,1075,0.0
Blippi - Educational Videos for Kids,Xtt-MJufI38,WHAT Happens When You Get the Hot Potato?? 🔥🥔,2026-07-03T12:00:11Z,505763,3301,0.0
Blippi - Educational Videos for Kids,4cQxgkjrZqA,Blippi’s Airplane Challenge & Flight School! 🛫,2026-07-02T10:00:06Z,519449,561,0.0
Blippi - Educational Videos for Kids,JFLsLN5A-1U,Which Dinosaur Toys ⚖️🦕 SINK or FLOAT?  #science,2026-07-01T12:00:13Z,1935901,8275,0.0
Blippi - Educational Videos for Kids,yyUntGm3W48,Can You Help Blippi Save the PUPPY? 🛻🐶 The Floor is Lava!,2026-06-29T12:00:32Z,335780,2387,0.0
Blippi - Educational Videos for Kids,lZziiTsNya0,Can Blippi ACE the Table Tennis Trick Shot Challenge? 🏓,2026-06-28T12:00:33Z,790263,4200,0.0
Blippi - Educational Videos for Kids,oalNRpXNuy0,Blippi Visits Star Wars: Galaxy's Edge at Disneyland Resort (Supported by Disney!),2026-06-27T10:00:34Z,159219,459,0.0
Blippi - Educational Videos for Kids,st5lqU284fk,JUMP on the Shapes Blippi! ⏹️🔼⏺️ The Floor is Lava Game!,2026-06-26T12:00:11Z,737192,4266,0.0
Blippi - Educational Videos for Kids,uX_gPTTQPs4,Blippi Explores Wimbledon Tennis Courts! 🎾,2026-06-25T10:00:39Z,214493,181,0.0
Blippi - Educational Videos for Kids,Dlgm9vfqUXI,Yoo-Hoo Meekah! 🐭🎀 Let's Try Out Minnie Ears! #disney,2026-06-24T12:00:10Z,357360,2683,0.0
Blippi - Educational Videos for Kids,8ZKNWUDCrHo,Can You Help Blippi Build a FIRETRUCK? 🚒🔨 #diy #crafts,2026-06-22T12:00:16Z,676692,4732,0.0
Blippi - Educational Videos for Kids,9ko3hGQX_X4,HELP! The Floor is Lava! 😮 Can Blippi Rescue the Dinosaurs?,2026-06-21T12:00:28Z,513782,3127,0.0
Blippi - Educational Videos for Kids,mH5ZsPRsH1Q,Blippi Loses His Colors on a Mystery Train! 🚂,2026-06-20T10:00:31Z,1039737,1201,0.0
Blippi - Educational Videos for Kids,Yb0LNw10CZ4,DINO in the JELLO! 🤔 Let's Play a Dinosaur Name Game!,2026-06-19T12:00:08Z,2580008,10553,0.0
Blippi - Educational Videos for Kids,P0TykAiD4EI,Blippi's Best Vehicle Rides! 🚒 Top 5 Special,2026-06-18T10:37:33Z,413928,536,0.0
Blippi - Educational Videos for Kids,fI3X2P6ukHU,Who's the LOUDEST on a Roller Coaster? 🔊🎢 #disney #challenge,2026-06-17T12:00:09Z,438504,3371,0.0
Blippi - Educational Videos for Kids,oCPrPUiPukI,Which Vehicles SINK or FLOAT? ⚖️🛻 Backyard Games!,2026-06-15T12:00:17Z,497897,3420,0.0
Blippi - Educational Videos for Kids,KkdJezYE12E,Can Blippi JUGGLE a Soccer Ball? ⚽ Keepy Uppy Challenge!,2026-06-14T12:00:06Z,667793,3920,0.0
Blippi - Educational Videos for Kids,Ze4tslX5YEs,Meekah's Spectacular Hero Adventure at Disneyland (Supported by Disney!) | Blippi,2026-06-13T10:00:28Z,844911,1543,0.0
Blippi - Educational Videos for Kids,avgODARBgp8,Guess the Song Roller Coaster Challenge! 🎶🎢 #disney,2026-06-12T12:00:29Z,462266,3403,0.0
Blippi - Educational Videos for Kids,TkjOSaWOW9k,Blippi Races Monster Trucks on Mario Kart! 🏎️ Let's Play Video Games for Kids,2026-06-11T10:00:22Z,1350159,669,0.0
Blippi - Educational Videos for Kids,HDPYcYN_shk,GOAL! ⚽🏆 Blippi Crafts a DIY Soccer Game with Finger Puppets!,2026-06-10T12:00:36Z,1191226,9745,0.0
Blippi - Educational Videos for Kids,qN_w61e810k,KICK or THROW? ⚽🏀 What Sports Balls Are Behind the Door?,2026-06-08T12:00:07Z,1273695,7890,0.0
Blippi - Educational Videos for Kids,CrvQQKhipiY,"Is That a GARBAGE TRUCK? 🚛 What Sound Does it Make, Blippi? 📢",2026-06-07T12:00:38Z,2249600,9710,0.0
Blippi - Educational Videos for Kids,S7o18Zwx2Kw,Blippi vs Meekah ⚽ Trick Shot Soccer Challenge!,2026-06-06T11:00:32Z,967664,770,0.0
Blippi - Educational Videos for Kids,0uCfd6Lk8D0,How Do the Vehicles Behind the Door Feel? 🚗 #emotions,2026-06-05T12:00:00Z,1185467,5759,0.0
Blippi - Educational Videos for Kids,Lq-DGWHeUzA,The Floor is Lava on ROBLOX? 🌋 Gaming with Blippi! #shorts,2026-06-03T12:00:08Z,540988,3594,0.0
Blippi - Educational Videos for Kids,UgfOje92ZRc,How Many Countries Can Meekah Name in 10 SECONDS!? ⏱️🗺️ #disney,2026-06-01T12:00:06Z,362445,2056,0.0
Blippi - Educational Videos for Kids,ulYCalBYD-g,Can R2D2 Help Blippi Find the Millennium Falcon? 🤖 It's Our ONLY HOPE!,2026-05-31T12:00:31Z,333882,2335,0.0
Blippi - Educational Videos for Kids,mglp-t2qW8Y,Blippi Disneyland Vehicle Adventure (Supported by Disney!),2026-05-30T11:00:23Z,2465003,4853,0.0
Blippi - Educational Videos for Kids,b2rAS8eSIrU,Can You Tell Blippi what the TALLEST Dino was? 🦕📏,2026-05-29T09:34:33Z,625752,4461,0.0
Blippi - Educational Videos for Kids,trTJYF1thXg,Can You Find the Sea Creatures with Blippi? 🐳 Fun Ocean Search,2026-05-28T10:00:17Z,540502,516,0.0
Blippi - Educational Videos for Kids,OZGujxW5ozo,Blippi Helps a T-Rex 🦖 Find Her Baby DINO EGGS!🥚,2026-05-27T10:00:10Z,376939,2549,0.0
Blippi - Educational Videos for Kids,aFP1FMQNsQ4,Can Blippi Learn Martial Arts? Taekwondo for Kids! 🥋,2026-05-26T10:00:03Z,359755,457,0.0
Blippi - Educational Videos for Kids,rMpBxEY-Eu8,Wait...Which Vehicle is Blippi THINKING of?! Guess!,2026-05-24T12:00:38Z,512658,2710,0.0
Blippi - Educational Videos for Kids,Vmc0oKonYA4,Blippi Explores Jurassic Quest! 🦖,2026-05-23T10:00:08Z,1463499,1497,0.0
Blippi - Educational Videos for Kids,AMh2aSEdmrU,Can Cardboard turn a T-REX into Blippi 🦖🔵🟠?! DIY Makeover!,2026-05-22T12:00:30Z,574875,2859,0.0
Blippi - Educational Videos for Kids,PvYUWRheFeQ,Blippi & Meekah Play a Vehicle Sink or Float Game! 💦,2026-05-21T10:00:37Z,548231,490,0.0
Blippi - Educational Videos for Kids,a5HY17U2VdQ,POP the Balloon 🎈 to reveal the DINOSAUR 🦖! Learn Dino Names!,2026-05-20T12:00:01Z,464543,3264,0.0
Blippi - Educational Videos for Kids,hCvbTng6_GQ,He needs his glasses🤓! Which Vehicle will RESCUE Blippi?,2026-05-18T12:01:08Z,550549,3509,0.0
Blippi - Educational Videos for Kids,Gi_fu4zyaqM,BROOM! 👨‍🌾 Farmer Blippi's Tractor Digs up Carrots🚜!,2026-05-17T12:00:23Z,519396,2303,0.0
Blippi - Educational Videos for Kids,9dUgp9ZC9mo,Blippi’s Best Dinosaur Adventures! 🦖Top 5 Special,2026-05-16T10:00:12Z,483968,569,0.0
Blippi - Educational Videos for Kids,fU52XopKX_Q,WHAT Just Swam by Blippi!? Safe Swimming with Dinosaurs?!,2026-05-15T12:01:13Z,596098,3173,0.0
Blippi - Educational Videos for Kids,hKoPzY43iBc,Blippi Plays at the Mini Golf Course! 🚩,2026-05-14T10:01:06Z,496213,560,0.0
Blippi - Educational Videos for Kids,ozZ0OJA78p0,HELP Blippi Match the Sea Creatures🐚🦑! What is THAT?!,2026-05-13T12:01:24Z,670477,2981,0.0
Blippi - Educational Videos for Kids,dSKLhTd5Mmw,POP the Balloon 🎈 and NAME the Prehistoric Sea CREATURES 🦕!,2026-05-12T12:01:05Z,655852,2892,0.0
Blippi - Educational Videos for Kids,NdoOZ0Uy7v4,Can Blippi Find all the Dinosaurs? 🦖,2026-05-12T10:00:28Z,471926,374,0.0
Blippi - Educational Videos for Kids,Okv6wTeo-5E,Blippi Helps his Sad Puppy 🐶 🦴find BONES with his Excavator!,2026-05-11T12:00:40Z,794899,5332,0.0
Blippi - Educational Videos for Kids,9JBI6UHqvzU,Let's Shop for the HEALTHIEST 🥕 🛒 Groceries! Hurry Blippi it's almost dinner! #shorts,2026-05-10T12:00:13Z,510560,2758,0.0
Blippi - Educational Videos for Kids,ZOCFWQGVqag,Blippi Saves the Dinos from a Volcano! 🌋,2026-05-09T10:00:55Z,716183,686,0.0
Blippi - Educational Videos for Kids,7yjXRPppi1Q,WAKE UP BLIPPI ⏰🥱! You don't want to miss your Field Trip!,2026-05-08T12:00:14Z,534566,3977,0.0
Blippi - Educational Videos for Kids,uNQKAuWBMYQ,Can You Guess the Fruit with Blippi? 🍓 Fun Alphabet Game,2026-05-07T10:00:06Z,565166,500,0.0
Blippi - Educational Videos for Kids,UhGfo27XmT0,Does a Tractor go VROOM?! Learn Vehicle Sounds!,2026-05-06T12:00:55Z,778885,7030,0.0
Blippi - Educational Videos for Kids,EjbJtMG42L4,CHOO CHOO Blippi Rescues TRAINS🚂💥 🚂before they crash! #shorts #train,2026-05-04T12:00:24Z,544644,3851,0.0
Blippi - Educational Videos for Kids,6821cKuCXVQ,123 Follow the Steps and DIY the ULTIMATE RACECAR 🏎️💨! #shorts,2026-05-03T12:00:17Z,489230,3529,0.0
Blippi - Educational Videos for Kids,h6fMvIMWdz4,Blippi's Best Moments at the Playground 🛝Top 5 Special,2026-05-02T10:01:04Z,1110722,1269,0.0
Blippi - Educational Videos for Kids,8rtnNCJXBP0,There's a SECRET TREASURE💰 Across the WATER! Don't Fall! #shorts,2026-05-01T12:00:29Z,641811,4294,0.0
Blippi - Educational Videos for Kids,aDcgBHuQxEs,Blippi's Vehicle Scavenger Hunt! 🚗💨 Playground Fun,2026-04-30T10:00:02Z,409116,388,0.0
Blippi - Educational Videos for Kids,l1uDxDBoEHI,👷Construction Blippi needs to find his missing SAW! 🪚Help him find his tools! #shorts,2026-04-29T12:01:34Z,500439,3576,0.0
Blippi - Educational Videos for Kids,BVmOJAavWf8,ULTIMATE Paper Airplane ✈️ Tricks! DIY your own! #shorts #papercraft,2026-04-27T12:00:18Z,718878,6699,0.0
Blippi - Educational Videos for Kids,vbqij9oC8c0,RESCUE the Toy Cars 🚕 🚛 from the SLIME! #shorts #blippi #slimechallenge,2026-04-26T12:01:36Z,497404,3653,0.0
Blippi - Educational Videos for Kids,8Zbniz659CQ,Blippi’s Jurassic Puppy Show! 🦖🐶,2026-04-25T10:00:11Z,747450,955,0.0
Blippi - Educational Videos for Kids,LTEkl_7LBq8,Blippi Bounces the BIGGEST Red Ball🔴 with Ms. Appleberry! #shorts,2026-04-24T12:00:39Z,877611,5599,0.0
Blippi - Educational Videos for Kids,S6PUOZ5I3PM,Blippi Drives a Real Fire Truck! 🚒,2026-04-23T10:00:06Z,1051696,955,0.0
Blippi - Educational Videos for Kids,mpBf5BmCyok,Don't KNOCK OVER the TRUCK TOWER 🛻 🚛 🚜! Build it again! #shorts,2026-04-22T12:01:23Z,667117,4391,0.0
Blippi - Educational Videos for Kids,gm3lImD4M2U,🏋️Gym Bro Blippi can lift his WHOLE BODY!? Pulley System Trick! #shorts,2026-04-20T12:01:14Z,713146,5292,0.0
Blippi - Educational Videos for Kids,dmjQS60B-l8,"Blippi, Dig Dig Dig for Surprise Animal Toys 🏖️ HIDDEN in the Sand! #shorts",2026-04-19T12:01:06Z,568608,3973,0.0
Blippi - Educational Videos for Kids,xcJuH5flDic,Be Kind to Animals (feat. Aprende Peque) 🎵,2026-04-18T10:01:34Z,499327,941,0.0
Blippi - Educational Videos for Kids,icacbC1kkPM,How LOW can Blippi go🤸?! LIMBO CHALLENGE! #shorts #tricks #blippi,2026-04-17T12:01:21Z,1016412,7627,0.0
Blippi - Educational Videos for Kids,DcMq_LtimIE,Blippi: Floor is Lava Shape Challenge! 🔥🏃,2026-04-16T14:00:32Z,820675,910,0.0
Blippi - Educational Videos for Kids,4A0mv7BbR4A,Blippi COUNTS Blippis?! How many Blippis can you count?! #shorts,2026-04-15T12:00:10Z,1006239,7998,0.0
Blippi - Educational Videos for Kids,8JrDvEM25Ok,🔴🟠🟢 Learn COLORS with REAL DINOSAUR EGGS🤪! #shorts,2026-04-13T12:00:27Z,1658576,11267,0.0
Blippi - Educational Videos for Kids,Dbt2PTWqYQI,🤠 Can Blippi Count ALL the DINOSAUR 🦖 Footprints?! FIND THE T-REX! #shorts,2026-04-12T12:00:32Z,1921604,11274,0.0
Blippi - Educational Videos for Kids,MVZfCyd7y00,Blippi & Meekah's Pawesome Animal Race 🦊,2026-04-11T10:00:30Z,954370,1064,0.0
Blippi - Educational Videos for Kids,BLY4wpMk_cY,What's the difference between a GARBAGE TRUCK 🚛 and a DUMP TRUCK🫨?! #shorts,2026-04-10T12:00:20Z,864070,4595,0.0
Blippi - Educational Videos for Kids,FLtD5jRF6LY,Blippi Finds Hidden Blippis at Discovery Cube! 🕵️‍♂️,2026-04-09T10:00:07Z,493492,502,0.0
Blippi - Educational Videos for Kids,fWULBWEwpZA,Mooooo🐮! Blippi Cleans Snow off his Sled and Farm Animal FRIENDS! #shorts,2026-04-08T12:01:19Z,1596745,7601,0.0
Blippi - Educational Videos for Kids,t4HwaYzv3OQ,🔥Blippi and his Puppy 🐶 RESCUE a Kitty Cat🙀! Firetruck Emergency🚒! #shorts,2026-04-06T12:01:33Z,693508,3638,0.0
Blippi - Educational Videos for Kids,ZffK_OlkW_A,Blippi's Tractor 🚜 is STUCK IN THE MUD?! Which Vehicle can help it ESCAPE🚨?! #shorts,2026-04-05T12:01:03Z,1082465,7175,0.0
Blippi - Educational Videos for Kids,1oimY2ET1Tg,Blippi Races Through a Giant Hamster Maze Challenge! 🐹,2026-04-04T10:00:04Z,881693,1446,0.0
Blippi - Educational Videos for Kids,ZFjVfv1heoQ,"😮 Don't FALL IN LAVA, Learn to Tie your Shoes🔥!? #shorts",2026-04-03T12:01:03Z,978206,6667,0.0
Blippi - Educational Videos for Kids,iGdx3_3qrko,Blippi Learns to Care for Puppies! 🐾,2026-04-02T10:00:58Z,534591,516,0.0
Blippi - Educational Videos for Kids,5ginDtEI1ng,Knock Knock! Who's there? BALLS⚽🏈🎾! #shorts,2026-04-01T12:01:16Z,5806276,25410,0.0
Blippi - Educational Videos for Kids,QDewe5LHfQ8,Blippi Plays SINK or FLOAT in Syrup🤔?! Easy DIY! #shorts,2026-03-30T12:00:25Z,902950,5428,0.0
Blippi - Educational Videos for Kids,hU_04xmo4AQ,Blippi needs to JUMP to HATCH the Dino Egg🥚🦖! Aww Baby Dinosaurs! #shorts,2026-03-29T13:00:45Z,777835,4980,0.0
Blippi - Educational Videos for Kids,sqVp6OA2yFs,Blippi Plays Guitar🎸! Let's GO GO GO with YELLOWCARD! #shorts,2026-03-27T14:01:05Z,1023728,6141,0.0
Blippi - Educational Videos for Kids,Kx241A5WsDI,Blippi & Yellowcard GO GO GO on a World Tour 🎸,2026-03-27T11:00:33Z,490986,970,0.0
Blippi - Educational Videos for Kids,8sK12Es8zsU,What will happen if Blippi spins 😵‍💫 10 times 🌀🌀 in a row!?! #shorts,2026-03-25T14:00:20Z,979000,4356,0.0
Blippi - Educational Videos for Kids,_WI3C0liwwk,Blippi’s Big Vehicle Rides! 🎡,2026-03-25T11:00:56Z,653540,792,0.0
Blippi - Educational Videos for Kids,ACrsMrqJ45E,😭 Blippi's toy won't stop crying?! 🚜 Can Blippi help him feel better? #shorts,2026-03-23T14:00:22Z,1352089,7644,0.0
Blippi - Educational Videos for Kids,yX4QMgEG17U,Can Blippi Pop the BALLOONS🎈🍭 to make the candy SINK or FLOAT?! #shorts,2026-03-22T13:01:39Z,2099588,19038,0.0
Blippi - Educational Videos for Kids,d308K-xwIAg,Puppy Playdate with Blippi and Friends 🐶,2026-03-21T11:00:06Z,470650,552,0.0
Blippi - Educational Videos for Kids,VhKsDZR7X7M,Can you COUNT all the BALLS🎾🎾🎾?! 12345678! Let's Goooooo! #shorts,2026-03-20T14:01:01Z,3429628,17972,0.0
Blippi - Educational Videos for Kids,uQs7Gd-eFx0,3-2-1 WHICH Marble Do YOU think can WIN THE RACE🔵🏁?! #shorts,2026-03-19T13:01:45Z,1041270,6451,0.0
Blippi - Educational Videos for Kids,yeVTvh9HU8s,Blippi Meets Dr. Ted the Puppy at the Hospital 🐶,2026-03-19T11:01:50Z,626502,659,0.0
Blippi - Educational Videos for Kids,wbTEZpL1KV8,Can this Slime Change into ALL OF THE COLORS in 30 seconds🌈?! Blippi's Magic Slime! #shorts,2026-03-18T13:02:00Z,1050587,7581,0.0
Blippi - Educational Videos for Kids,iOMl7uIqGg4,🤣 WHEEL you help Blippi Learn to Count?! #shorts,2026-03-16T14:01:17Z,1249237,5562,0.0
Blippi - Educational Videos for Kids,e0Fn30FHyoQ,How 😵‍💫 did Blippi end up COVERED IN OOBLECK?! #shorts,2026-03-15T14:01:02Z,934465,4575,0.0
Blippi - Educational Videos for Kids,ZWMwYmx-ZaQ,Finding all the Lost Gems in Blippi's Submarine Adventure 💎🌊,2026-03-14T11:01:03Z,525539,732,0.0
Blippi - Educational Videos for Kids,0gqaA88OCPs,Don't Touch the Ground Blippi🔥! HURRY! #shorts,2026-03-13T14:00:02Z,765554,4171,0.0
Blippi - Educational Videos for Kids,W8C_V4GD45Q,Please Rescue the DINOSAUR🦖! Blippi's Heroic Jump! #shorts,2026-03-12T14:00:45Z,912196,5416,0.0
Blippi - Educational Videos for Kids,B_QZfnMn7Mk,Can Blippi Find Every Color? 🌈 Rainbow Challenge,2026-03-12T11:00:17Z,467233,405,0.0
Blippi - Educational Videos for Kids,p4VXR-zvW-M,1-2-3 Blippi's Guide to an EPIC FLIP🤸! #shorts #tricks,2026-03-11T13:01:36Z,712192,3635,0.0
Blippi - Educational Videos for Kids,hQ9xuFmk108,Can Blippi Drive the MATH TRAIN🚂? Solve the problems and go VROOM! #math #shorts,2026-03-09T13:01:18Z,834408,3872,0.0
Blippi - Educational Videos for Kids,V8WQyDkOLOU,🦖 Blippi BUILDS a Dinosaur out of BONES🦴?! #shorts,2026-03-08T13:00:52Z,824917,4269,0.0
Blippi - Educational Videos for Kids,MK0DEfG1AyM,Blippi Becomes a Zookeeper! 🐢,2026-03-07T11:00:30Z,677115,962,0.0
Blippi - Educational Videos for Kids,r_2vbVoH0Sw,I wonder WHAT vehicle is buried in the SAND🏖️?! KEEP DIGGING BLIPPI! #shorts,2026-03-06T13:01:47Z,740077,4607,0.0
Blippi - Educational Videos for Kids,_MztKubjJwE,Blippi Saves a Kitty at the Playground! 🐈,2026-03-05T11:00:52Z,885511,985,0.0
Blippi - Educational Videos for Kids,33IfGmyWqYY,Meekah POPS the Balloon 🎈 to play Sink or Float with Fruits and Veggies!? #shorts,2026-03-04T13:00:06Z,2698391,14463,0.0
Blippi - Educational Videos for Kids,xNcEfwfQvhQ,Is this the tallest 🟥🟦🟪 RAINBOW block tower that's EVER been BUILT?! #shorts,2026-03-03T13:01:39Z,1231046,7073,0.0
Blippi - Educational Videos for Kids,OGvebtveiQ8,Blippi Paints an Excavator🚜! Fun Art for Kids👨‍🎨! #shorts,2026-03-02T14:00:37Z,2002584,8087,0.0
Blippi - Educational Videos for Kids,smYjgCKRJhU,Knock Knock! Who's there? 💙🍦🧡 BLIPPI ICE CREAM?! #shorts,2026-03-01T13:01:24Z,1034617,7419,0.0
Blippi - Educational Videos for Kids,UIcvIGS5sWM,The Cat in the Hat Helps Blippi Make a Volcano Erupt 🌋,2026-02-27T13:30:35Z,1471209,1167,0.0
Blippi - Educational Videos for Kids,QJPxretrZxQ,Quick! Name as MANY🌈 Colors of the Rainbow as you CAN!!! #shorts #blippi,2026-02-27T13:00:48Z,2504383,12421,0.0
Blippi - Educational Videos for Kids,pd1rVAnM-ZY,Green Monster Truck Vs Purple Sand🟩🟪! Epic Obstacle Course Race! #shorts,2026-02-25T13:01:35Z,807574,4681,0.0
Blippi - Educational Videos for Kids,uBMA4hi_Ayw,Put on your Helmet and 🛼 TRY some SKATE TRICKS! #shorts,2026-02-24T12:01:28Z,804841,3281,0.0
Blippi - Educational Videos for Kids,SZxXXHP0y6M,Blippi and Meekah’s Giant Color Ball Cleanup! 🔵,2026-02-24T11:00:55Z,415185,477,0.0
Blippi - Educational Videos for Kids,pIuh54fZIwY,POV You're Blippi's 📸 CAMERA playing 💦 SINK or FLOAT💦?! #shorts,2026-02-23T13:01:24Z,817506,3836,0.0
Blippi - Educational Videos for Kids,cCRONkw289k,Can you do Jump Rope TRICKS! 💜💛 Meekah CAN! #shorts,2026-02-22T12:00:52Z,817573,3480,0.0
Blippi - Educational Videos for Kids,JVJLQhntB3U,Blippi's Train Mystery Box Challenge 🚂,2026-02-21T11:00:27Z,1634784,1419,0.0
Blippi - Educational Videos for Kids,YMdfKQTjk8s,When Blippi Nearly Fell Into a VOLCANO! 🌋😱 | #shorts #gaming,2026-02-20T13:00:59Z,820539,6209,0.0
Blippi - Educational Videos for Kids,8DIKCMFOWxE,Um....who CAN'T name a single vegetable 🥦🥕 when Blippi asks?! #shorts,2026-02-19T13:00:13Z,824250,4002,0.0
Blippi - Educational Videos for Kids,xTD2w5kYWaI,Blippi and Nevaeh’s Firetruck Rescue! 🚒,2026-02-19T11:01:38Z,906424,1015,0.0
Blippi - Educational Videos for Kids,GrjWQKmhCi8,Big Dino 🦖 BURPED out a Baby Dino🍼?! Imagination Playtime! #shorts,2026-02-18T12:30:19Z,1114923,5843,0.0
Blippi - Educational Videos for Kids,uQyVBUC71JQ,LOLipop Craft With Blippi! 🤣 Homemade DIY & Art Tutorials #kids #shorts,2026-02-16T13:01:42Z,783316,4601,0.0
Blippi - Educational Videos for Kids,5c6cRHGZ60I,Can Blippi Play with a Big Rock 🪨 ⁉️ AND a Pinecone?! IMAGINATION CHALLENGE! #shorts,2026-02-15T13:00:09Z,870979,5689,0.0
Blippi - Educational Videos for Kids,5m624FFUNxw,Blippi Flies From a Boat to the Sky 🪂,2026-02-14T11:00:16Z,429897,681,0.0
Blippi - Educational Videos for Kids,aQbSpBFDaVA,Can you make a BLIPPI TORNADO 🔵🟠🌪️?! SCIENCE TIME! #shorts #diy,2026-02-13T13:00:03Z,1257163,7938,0.0
Blippi - Educational Videos for Kids,7CAORvJGDfA,"Tabletop EXPERIMENT TIME! 🤩 If you can dream it, Blippi can MAKE IT...maybe? #shorts",2026-02-11T13:00:14Z,965311,6634,0.0
Blippi - Educational Videos for Kids,UR-pEZ7SbSc,Blippi’s Sci-Fi Galactic Odyssey Beyond the Moon and Into the Stars 🚀,2026-02-10T11:00:52Z,370285,448,0.0
Blippi - Educational Videos for Kids,TA0ME3P8bQA,What does that SLIME FEEL LIKE🤢?! Soft? Sticky? SLIMY!? #shorts,2026-02-09T13:00:58Z,891341,4495,0.0
Blippi - Educational Videos for Kids,jLsu1rNG_7o,🏈It's Big Blippi vs Little Blippi on Super Bowl Sunday🏈! TOUCHDOWN! #shorts #football,2026-02-08T13:01:14Z,865317,4923,0.0
Blippi - Educational Videos for Kids,rxqCPv3I0AI,Blippi's Superfast Excavator Digging Race  👷‍♂️,2026-02-07T11:01:31Z,1616473,1907,0.0
Blippi - Educational Videos for Kids,en-D22ClxK0,😅Can Blippi Learn a Touchdown Dance 🏈 in time for the SUPER BOWL?! #griddy #shorts,2026-02-06T14:01:08Z,849404,4536,0.0
Blippi - Educational Videos for Kids,xhqaoYr19ZQ,Blippi and Meekah’s Sweet Valentine’s Day at Candyland! 🍭,2026-02-05T11:01:41Z,655395,716,0.0
Blippi - Educational Videos for Kids,UX3NFEnaUpY,So Much Candy! Blippi’s CRAZIEST Challenge Yet 🍭🤯 | #shorts,2026-02-04T11:23:00Z,789400,5337,0.0
Blippi - Educational Videos for Kids,0k-IZOo7KAE,Trick Eye Museum Adventures with Blippi and Emma! 🖼️,2026-02-03T11:00:04Z,309122,313,0.0
Blippi - Educational Videos for Kids,5_hvh-sRDY0,What Is The BEST Blippi Song?! 🎵🤔 | #shorts,2026-02-02T11:21:01Z,941318,6830,0.0
Blippi - Educational Videos for Kids,hQllVpUykX4,Can SIMPLE SCIENCE 🌋🔥 make a Giant Volcano EXPLODE?! #diy #shorts,2026-02-01T14:01:09Z,1261969,6815,0.0
Blippi - Educational Videos for Kids,kQTU3UUZAyg,Blippi Learns Counting with a Fun Food Stacking Challenge 🍎🏗️,2026-01-31T11:01:20Z,1054562,1061,0.0
Blippi - Educational Videos for Kids,DtqaQMmJ-Jw,SUPER SPEEDY RAINBOW SLIME MIXING🌈🎨! #shorts #diy #race,2026-01-30T14:00:33Z,1324692,6988,0.0
Blippi - Educational Videos for Kids,qxt-6xtcMLs,CUP MATCHING GAME WITH BLIPPI🤔! #shorts #challenge,2026-01-29T15:01:27Z,806313,4768,0.0
Blippi - Educational Videos for Kids,HfFCqovIHRA,Blippi Builds a Racecar and Learns to Never Give Up! 🏎️‪ @toysandcolors‬,2026-01-29T11:00:35Z,744321,804,0.0
Blippi - Educational Videos for Kids,VMn-R5n7Hpo,Emergency! Blippi’s Favorite Toys Need Saving! 🚨 | #shorts,2026-01-28T11:20:00Z,1195843,9769,0.0
Blippi - Educational Videos for Kids,KZO7QyubF5E,Sandbox Surprise! Blippi Counts Dino Eggs 1–10! 🦕,2026-01-27T12:00:40Z,1755106,2144,0.0
Blippi - Educational Videos for Kids,eHbHDpD-nrs,Ball Pit World Record… Can Blippi Do It?! 🏆🎈 | #shorts,2026-01-26T11:19:00Z,888501,5662,0.0
Blippi - Educational Videos for Kids,l6pG2VuBsDk,😱 Can you Match the Kinetic Sand Shape with your BODY?! #shorts,2026-01-25T12:01:19Z,1149217,6007,0.0
Blippi - Educational Videos for Kids,j-Q_9YOtHyc,Blippi Builds a Plane and Becomes a Pilot ✈️,2026-01-24T11:01:19Z,901764,1095,0.0
Blippi - Educational Videos for Kids,L2PkXnK-L38,You HAVE to Try These QUICK Blippi Crafts! ✂️🎨 #shorts #easycrafts,2026-01-23T12:00:39Z,885532,5592,0.0
Blippi - Educational Videos for Kids,0puB-kC3yBo,Blippi and David Chang's Pizza Challenge! 🍕,2026-01-22T12:00:07Z,283655,357,0.0
Blippi - Educational Videos for Kids,91Ibu-o8Q44,Blippi Science… But It Gets CRAZIER Each Time! 🤯🧪 | #shorts #scienceforkids,2026-01-21T11:16:00Z,765742,5636,0.0
Blippi - Educational Videos for Kids,bsMZ5cGTGaE,Can Blippi Find Dinosaurs?! 🦖,2026-01-20T12:01:11Z,546221,585,0.0
Blippi - Educational Videos for Kids,vyS5FRpsz2Q,Will Kristen Wiig or BLIPPI win 😜 Truth or Goof!? Gabby's Dollhouse CHALLENGE! #shorts,2026-01-19T12:01:43Z,848544,4117,0.0
Blippi - Educational Videos for Kids,FgljTmSc5eE,Blippi PROVES You Can Make ANYTHING With FOAM! 🧼✨ | #shorts #craftsforkids,2026-01-19T12:00:34Z,1542828,11152,0.0
Blippi - Educational Videos for Kids,Klz1fu_Vwuc,"Blippi, It's Time to do the 🤖💃 ROBOT BALLERINA! DANCE CHALLENGE! #shorts",2026-01-18T12:00:41Z,801440,4725,0.0
Blippi - Educational Videos for Kids,i03UiSZUhYg,Blippi’s Big Vroomtown Adventure with Mr. Elephant! 🚗🐘,2026-01-17T12:01:20Z,562864,718,0.0
Blippi - Educational Videos for Kids,X87wGG8UXWU,The Floor is Lava and it's EVERYWHERE🌋🔥! #shorts,2026-01-16T12:01:06Z,1685604,7863,0.0
Blippi - Educational Videos for Kids,SKbXZLz-3Ww,Blippi & Everest Dino Paint Hunt Adventure! 🦕🎨,2026-01-15T12:01:02Z,1336613,1487,0.0
Blippi - Educational Videos for Kids,TiTbuxWoRuA,How many Trick Shots can Blippi do on a SLIDE🛝!? #shorts,2026-01-14T12:01:00Z,1037086,6442,0.0
Blippi - Educational Videos for Kids,cLNZzqlOv84,Blippi Makes a Build-A-Bear Friend 🧸✨,2026-01-13T12:01:19Z,330019,313,0.0
Blippi - Educational Videos for Kids,fuSz5l2VjZE,Can the Penguin Toy Float🐧? Blippi Tries It! #Blippi #SinkOrFloat #Shorts,2026-01-12T12:01:24Z,1216177,4965,0.0
Blippi - Educational Videos for Kids,8G3ifkjVTWw,The CRUNCHIEST Rainbow Foam ASMR! 🍓🍋 Which Fruit can you make? #shorts #diy,2026-01-11T12:00:23Z,904007,6375,0.0
Blippi - Educational Videos for Kids,mI50lO6whNk,Blippi’s Obstacle Course Vehicle Challenge! 🚌 🧩,2026-01-10T12:01:33Z,558307,581,0.0
Blippi - Educational Videos for Kids,Wbp-Olo8zP8,Blippi & Los Meñiques De La Casa - Curious Como Yo (Spanish and English Song) 🎵 🎶,2026-01-09T12:01:13Z,426670,592,0.0
Blippi - Educational Videos for Kids,B6Z95ufMfno,Will the Balloon POP🎈?! Sink or Float 💦 with Blippi! #shorts,2026-01-09T12:00:31Z,1361815,10636,0.0
Blippi - Educational Videos for Kids,JMtmN6c33S0,Blippi & Jude’s Wacky Food UNBOXING Adventure! 🥦 🍽️,2026-01-08T12:00:41Z,661940,660,0.0
Blippi - Educational Videos for Kids,PmNlxdrnGUc,Do Race Cars 🏎️  FLOAT in JELLO🫨!? Toy Challenge! #shorts,2026-01-07T12:01:00Z,1002989,4410,0.0
Blippi - Educational Videos for Kids,HSmH4vWzXAY,Blippi goes through a pool noodle 🚗 💦 CAR WASH!? #shorts,2026-01-06T12:00:37Z,930552,4557,0.0
Blippi - Educational Videos for Kids,EVDP9c9RiS0,🐣🦕 Blippi Plays with Baby Dinos! Pterodactyl Eggs Are Hatching!,2026-01-06T12:00:34Z,807924,915,0.0
Blippi - Educational Videos for Kids,CMzqKI46vTc,"Blippi, did that Fire Truck just SNEEZE🤧 🚒?! Help the Sick Toy! #shorts",2026-01-05T12:00:17Z,1389685,7041,0.0
Blippi - Educational Videos for Kids,DD8WUTJJx2s,Go down the 🌈 🛝 RAINBOW Slide into a magic ball pit! #shorts,2026-01-04T12:00:24Z,1592973,8223,0.0
Blippi - Educational Videos for Kids,76BqFwAtSdw,🚗 Blippi Gets His Driver’s License! VroomTown Dino Toy Hunt 🦖,2026-01-03T12:00:10Z,1054122,1433,0.0
Blippi - Educational Videos for Kids,yhDH1K2JqJE,It's a GIANT Fizzy Volcano🌋?! Easy DIY Science at HOME! #shorts,2026-01-01T12:01:55Z,1853653,8262,0.0
Blippi - Educational Videos for Kids,WtCiiUKtNc8,Blippi & Meekah Celebrate Friendship Day at the Playground 🐩,2026-01-01T12:01:02Z,1283502,1179,0.0
Blippi - Educational Videos for Kids,cB1Txmgy9IA,💡Learn ABCS in a REAL KITCHEN 🍎! Find the letters! #shorts,2025-12-31T12:01:18Z,932525,4356,0.0
Blippi - Educational Videos for Kids,vUwCe8vvCOU,RESCUE the DINO 🦖 from the SNOW🫨!!! Blippi DIY! #shorts,2025-12-30T12:01:59Z,1558165,8904,0.0
Blippi - Educational Videos for Kids,N-iRPfcdNt0,Blippi Hosts 150 Fans to Compete in the Be Like Blippi Games 🏆,2025-12-30T12:00:44Z,867876,635,0.0
Blippi - Educational Videos for Kids,zujsJ4sEkgQ,🧸 Bears on a TRAMPOLINE😱!? 3-2-1 Jump Together! #shorts,2025-12-29T12:01:59Z,874303,4250,0.0
Blippi - Educational Videos for Kids,93TR7yD6Kqg,That's a GIANT Magnet Blippi🧲! What will it stick to?! #magnet #shorts,2025-12-28T12:00:19Z,960534,5293,0.0
Blippi - Educational Videos for Kids,tUr6k7MW7g8,Blippi Plays Games and Makes Yummy Rice Dumplings in Singapore ! 🥟,2025-12-27T12:01:59Z,241197,290,0.0
Blippi - Educational Videos for Kids,hAkCQSJZX8M,😮 Play Red Light Green Light WITH BLIPPI 🚦 in our Neighborhood! #shorts,2025-12-26T12:01:31Z,4915568,20208,0.0
Blippi - Educational Videos for Kids,k9xfvI6Dbfg,What did BLIPPI 🎁get for Christmas 🎁 !?! #shorts #christmas,2025-12-25T12:01:37Z,794353,3674,0.0
Blippi - Educational Videos for Kids,d-T4OJBq5c0,"Blippi & Meekah Celebrate Christmas, Hanukkah and Kwanzaa 🌍",2025-12-25T12:01:17Z,285043,273,0.0
Blippi - Educational Videos for Kids,ersRhZ4hMts,It's 🥶 TIME to make WINTER SLIME❄️! DIY Slime with Blippi! #shorts,2025-12-24T12:01:21Z,750128,3837,0.0
Blippi - Educational Videos for Kids,QMo5T0__3UY,❄️ Blippi & Meekah's Winter Holiday Treasure Hunt! 🎁,2025-12-23T12:01:01Z,356925,421,0.0
Blippi - Educational Videos for Kids,T_8uQozHD7Q,Pin the ornament ON THE TREE! 🙈 Oh no Blippi is BLINDFOLDED?! #shorts,2025-12-23T12:00:59Z,656743,3148,0.0
Blippi - Educational Videos for Kids,mp5qk2OpHqw,The Grinch and Blippi DANCE BATTLE! 🫨 #shorts,2025-12-22T20:38:00Z,1477399,7415,0.0
Blippi - Educational Videos for Kids,xzdWmTED21Q,Will CHRISTMAS 🎁 Presents Sink or Float!? Ho ho ho let's find out! #shorts #blippi,2025-12-22T12:01:53Z,1189148,6667,0.0
Blippi - Educational Videos for Kids,lJ4l5vAdHJ8,Can you SING like a Christmas Elf🎅?! Blippi Breaks the SOUND BARRIER🙉! #shorts,2025-12-21T12:01:24Z,739900,3076,0.0
Blippi - Educational Videos for Kids,p385FbtiKDA,⛄Are these Snowmen ANGRY 😡 or HAPPY 😁 ?! Match the colors! #shorts,2025-12-20T12:01:47Z,2055106,12785,0.0
Blippi - Educational Videos for Kids,cldNOHCDwMg,The Grinch & Blippi Save Christmas🎄,2025-12-19T13:30:46Z,9948572,7321,0.0
Blippi - Educational Videos for Kids,oJZnOSsmnro,The Grinch Popped BLIPPI's Balloons🎈?! #shorts,2025-12-19T12:01:46Z,1021096,6116,0.0
Blippi - Educational Videos for Kids,I40E74O23xo,Did Blippi play Sink or Float with SPONGEBOB 🧽 and PATRICK⭐️!? #shorts,2025-12-18T18:00:31Z,14278917,74049,0.0
Blippi - Educational Videos for Kids,M7VwUbOuE0M,Blippi’s Christmas Fun & Holiday Craft Countdown ❄️🎄,2025-12-18T12:00:41Z,315901,337,0.0
Blippi - Educational Videos for Kids,3kYrxzU6rd0,ZOOM! 🚌 The Wheels on the Toy Bus Go SO SO FAST💨! #shorts,2025-12-18T12:00:08Z,1029032,5221,0.0
Blippi - Educational Videos for Kids,i-KBDbVN0ds,🫨 Would you eat a pizza 🍕BLINDFOLDED?!? Blippi and David Chang Try it! #shorts,2025-12-17T12:01:32Z,859469,3996,0.0
Blippi - Educational Videos for Kids,djRzVVPOLo0,Blippi Decorates and Makes Cookies for his Holiday Party 🎄,2025-12-16T12:01:15Z,236348,197,0.0
Blippi - Educational Videos for Kids,Wc02WriqIec,It's a Firetruck 🚒 TO THE RESCUE! Let's Play! #shorts,2025-12-16T12:01:07Z,1298887,5739,0.0
Blippi - Educational Videos for Kids,m_XJLgXbwe8,✂️ DIY a Lil Blippi Out of STAPLES?! Art Step by Step for Kids! #shorts,2025-12-15T12:01:35Z,1105925,6267,0.0
Blippi - Educational Videos for Kids,7zFs9hs0slY,Let's SWITCH on the 🔴🔵🟢 Rainbow Holiday Lights Together! 🎄 Learn colors!! #shorts,2025-12-14T12:00:16Z,657328,3326,0.0
Blippi - Educational Videos for Kids,d-XCslHny4c,Blippi Plays with Toys and Learns at Discovery Cube 🛝,2025-12-13T12:00:07Z,1237494,1127,0.0
Blippi - Educational Videos for Kids,7Otk_3NwreY,NEIGHHH🐴...Farmer Blippi Drives a HORSE in his Cool Tractor🚜 ! #shorts,2025-12-12T12:00:29Z,867662,4830,0.0
Blippi - Educational Videos for Kids,szjQyfPfNZM,Blippi Helps Santa Deliver Presents at the Zoo!,2025-12-11T12:02:00Z,600342,497,0.0
Blippi - Educational Videos for Kids,ETX_GnlZQaI,Don't be ANGRY 😡 on the Playground Blippi! Learn Emotions😆! #shorts,2025-12-11T12:00:34Z,1154411,6398,0.0
Blippi - Educational Videos for Kids,OfJ8uyGmojU,Blippi Interviews a BABY👶🧡!?! (and a mom) #shorts,2025-12-10T12:00:50Z,721589,3775,0.0
Blippi - Educational Videos for Kids,tgf0juSNwiU,OH NO! Will 🎅 Santa's Sleigh SINK or FLOAT💦?! #shorts,2025-12-09T12:02:01Z,760420,4187,0.0
Blippi - Educational Videos for Kids,1_PmEz5FcAg,Blippi Plays Ice Golf and Goes Bumper Car Racing at Snow City ❄️,2025-12-09T12:00:05Z,601208,822,0.0
Blippi - Educational Videos for Kids,u58ToW57KmE,Can 🥶 Blippi RESCUE his Reindeer from the Blizzard🧊❄️!? #shorts,2025-12-08T12:01:47Z,1423336,7187,0.0
Blippi - Educational Videos for Kids,K8wybEfZsPA,Is that a Blippi Christmas Puzzle!?! Sing along and GUESS the reveal! #shorts,2025-12-07T12:00:30Z,862008,3789,0.0
Blippi - Educational Videos for Kids,bWY-j6Af-4I,❄️ Blippi’s Winter Wonder-Crafts Adventure!,2025-12-06T12:00:08Z,396538,469,0.0
Blippi - Educational Videos for Kids,TksNC3F7Hak,Ms. Appleberry Slime Adventure | Learn Through Play @TheMelonPatchLearningVideos,2025-12-05T12:00:59Z,220381,94,0.0
Blippi - Educational Videos for Kids,NzvGtlwuPUc,DIY a Dino 🦖 out of FOAM! It's easier than you think! #diy #shorts #kidscrafts,2025-12-05T12:00:57Z,1023283,6363,0.0
Blippi - Educational Videos for Kids,F9LvTFER2ss,Blippi & Miles Music Kid Song Challenge! @milesmusickid ​,2025-12-04T12:00:35Z,197558,161,0.0
Blippi - Educational Videos for Kids,DZfONTfJ1t8,🔨Bonk the Nutcracker but each time it goes FASTER AND FASTER😰! #shorts,2025-12-04T12:00:25Z,747348,4283,0.0
Alan Becker,C637UcpHfNY,Animation vs. Geometry Dash,2026-07-18T12:00:13Z,9741543,266642,20567.0
Alan Becker,l6WeJ9JqDfU,The Machine - Animator vs. Animation 13,2026-05-30T12:00:06Z,15047750,573371,60051.0
Alan Becker,HgWz05AsLxw,Alan Becker TV - 24/7 Livestream,2026-04-24T19:13:02Z,8561075,118668,0.0
Alan Becker,-MV7Hg31usU,The Aether - Animation vs. Minecraft Shorts Ep 39,2026-04-18T12:00:06Z,9769524,248264,16166.0
Alan Becker,4l4rcxxDtPY,Would you look at that...,2026-03-21T12:00:16Z,4211773,180392,2380.0
Alan Becker,8FWBws2MZf8,Trial Chamber - An Actual Short,2026-01-24T13:00:23Z,6285919,211370,5838.0
Alan Becker,4XkapJvLDhA,An Actual Short Compilation - Season 3 (official),2026-01-24T13:00:16Z,8342944,69947,2893.0
Alan Becker,ajMW2JGJh2U,Mission Impossible - An Actual Short,2026-01-10T13:00:03Z,12361852,433550,4839.0
Alan Becker,qzWcVlYAVAM,How To: Survive A Fall - An Actual Short,2025-12-27T13:01:46Z,7700250,284609,4379.0
Alan Becker,q_zX1UdJVcM,The Far Lands - Animation vs. Minecraft Shorts Ep 38,2025-12-20T13:00:06Z,21483207,321204,19664.0
Alan Becker,VQXTekh3Dz8,Introducing...,2025-12-06T13:01:06Z,9097435,399958,4047.0
Alan Becker,XyRFmWZuimk,Egg - An Actual Short,2025-11-22T13:01:17Z,7224020,257754,3965.0
Alan Becker,dz04yXwSkQY,Animation vs. Game Design,2025-11-15T13:01:20Z,11392388,190406,5869.0
Alan Becker,xu0mrfxPhbY,Allay - An Actual Short,2025-11-01T12:02:03Z,6297111,237682,1395.0
Alan Becker,4dUr6L-dKgo,Alan Becker lofi radio - beats to animate to,2025-10-24T18:02:26Z,7697112,176551,0.0
Alan Becker,39BPQh6-ZFI,How To: Open Doors - An Actual Short,2025-10-18T12:00:06Z,17001648,500531,6464.0
Alan Becker,iSFDlT43bxw,Hardcore Manhunt - Animation vs. Minecraft Shorts Ep 37,2025-10-11T12:00:06Z,32040528,415676,22162.0
Alan Becker,1fyNs_modAw,Walk Cycles - An Actual Short,2025-10-04T12:00:07Z,16224471,472847,8277.0
Alan Becker,24iVz8k3lrs,Day & Night - An Actual Short,2025-09-20T12:00:04Z,16120580,463990,4805.0
Alan Becker,kXtvcYDR1us,Hacker - Animator vs. Animation 12,2025-09-13T12:00:06Z,30413523,528626,41040.0
Alan Becker,wUsjDnjg2Xw,Fork vs Spoon - An Actual Short,2025-08-30T12:01:43Z,7156099,290046,6725.0
Alan Becker,enw89_fCePA,Fingers - An Actual Short,2025-08-16T12:01:13Z,17390147,617057,8181.0
Alan Becker,d_uDE3cD_Xg,Animation vs. Water - #TeamWater,2025-08-09T12:01:15Z,14281359,183268,6945.0
Alan Becker,EaHM8KTeDzo,Couples Discount - An Actual Short,2025-07-26T12:00:32Z,15700761,519816,7231.0
Alan Becker,CIVtD7ftOEM,Flip The Screen - An Actual Short,2025-07-12T12:00:19Z,16358650,481055,5411.0
Alan Becker,YPURifoeYfk,Beta - Animation vs. Minecraft Shorts Ep 0,2025-07-05T12:00:58Z,11079895,224350,11207.0
Alan Becker,kvy93tvmarE,Mercenary Tryouts,2025-06-21T12:01:23Z,14272544,200429,13060.0
Alan Becker,-h2fo7c_dVM,Block Beats - An Actual Short,2025-06-14T12:00:00Z,13087333,435403,5108.0
Alan Becker,ed6CVvaXZ0I,King Orange's Speedrun - An Actual Short,2025-05-31T12:15:05Z,30598852,693187,8055.0
Alan Becker,ogcYo54WG9U,Speedrun Competition,2025-05-31T12:01:21Z,18237735,174667,6815.0
Alan Becker,PCV5P6jzLcU,App Staff,2025-05-24T12:00:49Z,23350250,199529,9622.0
Alan Becker,bai1gNtK6KI,Arcade Cosplay - An Actual Short,2025-05-17T12:00:57Z,12046699,436554,7305.0
Alan Becker,k2I9l4a_7kw,Animation vs. Minecraft Shorts Season 4 - All Episodes (31-36),2025-05-04T11:01:00Z,23558115,127063,4663.0
Alan Becker,NITd8ahLhn4,Purple's Speedrun - An Actual Short,2025-04-26T12:00:50Z,25338296,623270,6087.0
Alan Becker,Gz_-K2QmVqc,48 Hours Left + NEW Character Reveals! - Animation VERSUS,2025-04-21T18:29:05Z,1119850,25191,1619.0
Alan Becker,z2wAeLZjm-Q,Bedwars - Animation vs. Minecraft Shorts Ep 36,2025-04-19T12:00:06Z,26385811,425829,22952.0
Alan Becker,RRdAuD66m9Y,Group Chat - An Actual Short,2025-04-12T12:00:45Z,23878133,779459,8342.0
Alan Becker,UCbl3TV_UCA,ABTV - All Livestream Bumpers,2025-04-05T12:00:42Z,10663466,102189,4260.0
Alan Becker,Lv66_kWPz0k,30 Million Subscriber Q&A,2025-03-29T19:20:44Z,632776,21774,1052.0
Alan Becker,K4lvfmbMkcw,Animation VERSUS! - Reveal Trailer - Kickstarter,2025-03-26T10:15:00Z,5738182,236745,13451.0
Alan Becker,B5OU2T3BiFo,Handshake - An Actual Short,2025-03-22T12:00:26Z,26595816,991990,8796.0
Alan Becker,KoB2cqmYZNg,Animation vs. Addiction,2025-03-15T12:00:06Z,25033749,593925,24100.0
Alan Becker,IHTeDpHudRk,Blue's Speedrun - An Actual Short,2025-03-08T13:00:24Z,12117682,445606,4681.0
Alan Becker,EFmxPMdBqmU,Animation vs. Coding,2025-03-01T13:00:06Z,22707784,751982,26134.0
Alan Becker,be3W87Jg6Xw,Zigzag - An Actual Short,2025-02-22T13:01:00Z,16774647,603458,4127.0
Alan Becker,r79NpYw8vAU,Circle - An Actual Short,2025-02-08T13:01:12Z,9250099,368012,2961.0
Alan Becker,-QZlu9v62M8,Green's Speedrun - An Actual Short,2025-01-25T13:00:00Z,11185697,488236,4193.0
Alan Becker,Y07hTk1Lg4A,Juggling - An Actual Short,2025-01-11T13:00:42Z,25331335,1033363,6088.0
Alan Becker,SyR8QBDgDsw,Angry Birds - An Actual Short,2024-12-28T13:00:36Z,15752514,558570,5741.0
Alan Becker,2eHozBXlEpw,Victim - Animator vs. Animation 11,2024-12-14T13:00:06Z,27028434,561752,39906.0
Alan Becker,H7XxsTlxbFQ,Yellow's Speedrun - An Actual Short,2024-12-07T13:00:28Z,37891358,1201869,4270.0
Alan Becker,T1hLyXI5xY8,An Actual Short Compilation - Season 2 (official),2024-11-23T13:00:37Z,13745819,91553,2153.0
Alan Becker,ssdnsj2bIlA,The Rise and Fall of Green – Influencer Arc (All Episodes),2024-11-09T13:01:06Z,11652111,145453,5535.0
Alan Becker,7p579TYx46c,Dog Show - An Actual Short,2024-11-09T13:00:09Z,21505776,1101278,5454.0
Alan Becker,GTYIQ-MUk7E,Bob from the Shadows - An Actual Short,2024-10-26T12:00:19Z,13135554,549642,5888.0
Alan Becker,Qg1FcfQv-WI,Burnout – Influencer Arc Ep. 3,2024-10-19T12:00:06Z,6006988,173991,8685.0
Alan Becker,0m1HmcbBmjs,IS GREEN OKAY!? – Influencer Arc Ep. 2,2024-10-05T12:00:31Z,9098203,207695,11301.0
Alan Becker,1Y7NgROVFWk,Red’s Speedrun - An Actual Short,2024-09-21T12:00:02Z,18651942,847376,5304.0
Alan Becker,i6fwSzRiEJM,Green’s Channel! – Influencer Arc Ep. 1,2024-09-07T12:00:06Z,21955847,287233,11672.0
Alan Becker,xrpieJz6qiE,Cartoon Physics - An Actual Short,2024-08-31T12:01:08Z,24339708,1115109,4190.0
Alan Becker,b22ZMmkGfEM,Wishing Well - An Actual Short,2024-08-17T12:00:38Z,30119379,1215969,5840.0
Alan Becker,MSUwAIZ7QgM,Showdown from the Street - An Actual Short,2024-08-03T12:00:22Z,23603514,945866,10450.0
Alan Becker,NTJd6G4Vd2g,Animator vs Animation Season 1 (Ep 1-4),2024-07-20T12:00:18Z,16477231,234717,6928.0
Alan Becker,cgI5n5v2-UA,Color Sorter - An Actual Short,2024-07-13T12:00:40Z,45041445,1269770,4322.0
Alan Becker,VEJWE6cpqw0,Animation vs. Geometry,2024-06-29T12:00:06Z,29113518,625089,27059.0
Alan Becker,WwKY_JPSSs4,Too Close to the Sun - An Actual Short,2024-06-22T12:00:29Z,10691632,597939,6661.0
Alan Becker,7iO9sIrEcRw,Upgrade - An Actual Short,2024-06-08T12:00:08Z,30408641,1237955,4067.0
Alan Becker,w0bYgvYokFM,Note Block Concert - Animation vs. Minecraft Shorts Ep 35,2024-05-25T12:00:06Z,33777258,604911,36607.0
Alan Becker,DaBu3XrMayI,Onion Skinning - An Actual Short,2024-05-18T12:00:22Z,17579210,729194,6899.0
Alan Becker,8oqYkEr3rTg,More Faces - An Actual Short,2024-05-04T12:00:14Z,72785073,2695871,37136.0
Alan Becker,vSOgORxufW8,Rabbit Farm - An Actual Short,2024-04-20T12:00:58Z,10108803,599263,2644.0
Alan Becker,SeyBYD0B2BY,Sea Shanty - An Actual Short,2024-04-06T12:00:21Z,58499426,2935591,33088.0
Alan Becker,CvfldRjkmW0,The Prank - Animation vs. Minecraft Shorts Ep 34,2024-03-30T12:00:06Z,55294618,661027,21815.0
Alan Becker,k9VS5QLULHc,Tetris - An Actual Short,2024-03-23T12:00:39Z,26268428,952397,13350.0
Alan Becker,j49k8p3Sd1s,Smoke - An Actual Short,2024-03-09T13:00:28Z,10846604,681184,3726.0
Alan Becker,YMLC8iudXWI,Hydraulic Press - An Actual Short,2024-02-24T13:00:28Z,40164014,1694706,5526.0
Alan Becker,4BQtlK4nMrE,Do Not Disturb - An Actual Short,2024-02-10T13:00:03Z,12674678,649901,3866.0
Alan Becker,Dz3za8cdwqM,Arm Wrestling - An Actual Short,2024-01-27T13:00:20Z,28152931,1548484,4233.0
Alan Becker,WthdgXPPhy8,Lightsaber Duel - An Actual Short,2024-01-13T13:00:33Z,20971401,1065501,10433.0
Alan Becker,LDJCMHqISfw,You Shall Not Pass - An Actual Short,2023-12-30T13:00:26Z,17951969,1012303,6510.0
Alan Becker,vlVUVsx6BYY,Lucky Block Staff - Animation vs. Minecraft Shorts Ep 33,2023-12-23T13:00:08Z,65181497,696929,27586.0
Alan Becker,RqhGnw-4TeQ,Speedrun - An Actual Short,2023-12-16T13:00:17Z,89887959,3857400,11476.0
Alan Becker,ErMSHiQRnc8,Animation vs. Physics,2023-12-09T13:00:08Z,48233639,1290354,45224.0
Alan Becker,2pM1PrWbcV8,Blu-ing Stand - An Actual Short,2023-12-02T13:00:02Z,18401024,1042301,7129.0
Alan Becker,P2z7NkwhVGk,Black Friday Weekend Special,2023-11-24T14:00:30Z,5449041,337711,4020.0
Alan Becker,jJWMzq4gdnc,An Actual Short Compilation - Season 1 (official),2023-11-18T13:00:39Z,32827897,291576,6296.0
Alan Becker,3DSkcmAEjH4,A Special Song - An Actual Short,2023-11-11T13:00:04Z,11280948,806696,35663.0
Alan Becker,OPo5_EBO5JM,The Box - Animator vs. Animation 10,2023-11-04T12:00:10Z,58716857,740717,37065.0
Alan Becker,oPAIoyMCoOY,Nether Nap - An Actual Short,2023-10-28T12:00:46Z,11807048,822292,3077.0
Alan Becker,c2IwDLj9o4Q,Backrooms - An Actual Short,2023-10-21T12:00:27Z,60502766,1853087,14097.0
Alan Becker,UcHTOtUVUV4,Matador - An Actual Short,2023-10-14T12:00:34Z,13511378,754705,4698.0
Alan Becker,UgjNVue2_Gk,Rainstorm - An Actual Short,2023-10-07T12:00:31Z,30347966,1359283,4194.0
Alan Becker,z69EUIbOFlk,Fox - An Actual Short,2023-09-30T12:01:00Z,14913981,981356,5268.0
Alan Becker,OZT001NY6bI,TNT Jump - An Actual Short,2023-09-23T12:00:17Z,16401457,1145292,4580.0
Alan Becker,7UPEJjZ0UAE,The Chef - Animation vs. Minecraft Shorts Ep 32,2023-09-16T12:00:09Z,119469898,1132909,41569.0
Alan Becker,gBdjZ4gR4A4,Piggie Love - An Actual Short,2023-09-09T12:00:38Z,12100064,844711,8933.0
Alan Becker,r9YcPibYYc4,Sticktron - An Actual Short,2023-09-02T12:00:40Z,46775220,1828954,21104.0
Alan Becker,RIQu-uks6Bs,Corn Dog Guy - An Actual Short,2023-08-26T12:00:17Z,28834694,1282044,7645.0
Alan Becker,iBzLtNUspY0,Ricochet - An Actual Short,2023-08-19T12:00:35Z,93337689,4152519,14326.0
Alan Becker,Czdsu1Oi6vE,Feel Better - An Actual Short,2023-08-12T12:00:08Z,20780831,1337102,25696.0
Alan Becker,i5IhxDoA6KU,Animation vs. Minecraft Season 3 - In Real Time (official),2023-08-05T13:00:11Z,31186113,358890,18121.0
Alan Becker,JkUv2UHKPss,Cup Song - An Actual Short,2023-07-29T12:00:13Z,50786500,2350584,9453.0
Alan Becker,VKXMICY7l_g,Faces - An Actual Short,2023-07-22T12:00:32Z,86070615,3491531,44013.0
Alan Becker,gQp-2HUy_EI,Bob Is Always There - An Actual Short,2023-07-15T12:00:35Z,65283600,2809647,18516.0
Alan Becker,bKMkw4vazgE,Fruit Ninja - An Actual Short,2023-07-08T12:00:28Z,15676762,916087,5386.0
Alan Becker,mjvrDdwsSQw,It's Alive! - An Actual Short,2023-07-01T12:00:40Z,21944759,1272131,6887.0
Alan Becker,B1J6Ou4q8vE,Animation vs. Math,2023-06-24T12:00:09Z,128113611,1611632,67132.0
Alan Becker,URVAqg4tEjQ,Pork - An Actual Short,2023-06-17T12:00:32Z,18073126,1050275,9049.0
Alan Becker,otEWdW75iG8,Kirby - An Actual Short,2023-06-10T12:00:45Z,7817908,485283,6227.0
Alan Becker,ZY9Bt9DkZ_M,Turtle Eggs - An Actual Short,2023-06-03T12:00:20Z,19846270,1227906,4108.0
Alan Becker,mOo9iTx0aMQ,Ultimate Minecart Race - Animation vs. Minecraft Shorts Ep 31,2023-05-27T12:00:10Z,32324506,525937,20848.0
Alan Becker,1pFdA94J2qg,A New Witch - An Actual Short,2023-05-20T15:00:03Z,10366810,775252,3819.0
Alan Becker,Y3RYfj0IsCo,Ragdoll - An Actual Short,2023-05-13T16:00:21Z,19691421,1154028,10983.0
Alan Becker,zB2MtzQb2iM,Workout - An Actual Short,2023-05-06T12:00:45Z,20759993,1362547,8495.0
Alan Becker,dzJvuswZ5ys,Wanted - Animator vs. Animation 9,2023-04-29T12:00:09Z,50898441,906125,48441.0
Alan Becker,t_E6pHNfyB4,A Teaser,2023-04-23T12:00:37Z,14073921,740719,12718.0
Alan Becker,NcnmwZYSLzI,New Wallpaper - An Actual Short,2023-04-22T12:00:22Z,17434817,1016886,9422.0
Alan Becker,vu3sVVfz5TU,Cherry Blossoms - An Actual Short,2023-04-15T12:00:45Z,11961971,908337,11630.0
Alan Becker,nRckdBgn5FM,Plantenstein - An Actual Short,2023-04-08T12:00:40Z,14993110,991149,3153.0
Alan Becker,MUNdQtzgkig,Clicks Per Second - An Actual Short,2023-04-01T12:00:14Z,64181035,2569749,12883.0
Alan Becker,cy4lfjN5vtM,Gunslinger - An Actual Short,2023-03-25T12:00:27Z,48790530,2768582,10083.0
Alan Becker,Kz_KH51DMaI,Wipeout Course - An Actual Short,2023-03-18T12:00:23Z,10997562,842338,3537.0
Alan Becker,GB3JhBjgNEA,Frost Walker - An Actual Short,2023-03-11T13:00:14Z,18813895,1305674,3958.0
Alan Becker,tFlLjaUCo_E,Omelette - An Actual Short,2023-03-04T13:00:39Z,10515453,623885,5228.0
Alan Becker,BtNjobzHHOw,Snowball War - An Actual Short,2023-02-25T13:00:12Z,17811106,1190213,4081.0
Alan Becker,S38K4bSECmU,King Orange vs. The Dark Lord - An Actual Short,2023-02-18T13:00:30Z,29557445,1676681,19942.0
Alan Becker,uEwFnlj9uXk,Pop Ups - An Actual Short,2023-02-11T13:00:39Z,14362856,1042344,12236.0
Alan Becker,gpQDHnM7mNU,Music Lesson - An Actual Short,2023-02-04T13:00:26Z,24855625,1248035,12134.0
Alan Becker,JR5mzYrn8SU,Slime Trampoline - An Actual Short,2023-01-28T13:00:08Z,17926612,1064517,3266.0
Alan Becker,WHz85mu3jEc,Bottle Flip - An Actual Short,2023-01-21T13:00:17Z,24539899,1552125,5371.0
Alan Becker,_t7iPRpeFRU,Fishing Trouble - An Actual Short,2023-01-14T13:00:19Z,10278055,800535,3489.0
Alan Becker,NePpXeYX3lA,The Floor is Lava - An Actual Short,2023-01-07T13:00:24Z,18614767,1285504,5883.0
Alan Becker,baUkeYKZa9Y,Fireworks - An Actual Short,2022-12-31T13:00:19Z,10704504,767739,11342.0
Alan Becker,xwZRzeFCfjo,Ice Skating - An Actual Short,2022-12-24T16:00:34Z,11338472,830708,7378.0
Alan Becker,Qx6lTY8UnPw,Power Outage - An Actual Short,2022-12-17T13:00:11Z,28269053,1788408,15139.0
Alan Becker,VWHTlq5Fcr8,Animation vs. Minecraft Shorts Season 3 - All Episodes (20-30),2022-12-10T13:00:16Z,208117119,1116239,43337.0
Alan Becker,Sp2nxlrQ89w,The King - Animation vs. Minecraft Shorts Ep 30,2022-12-03T13:00:09Z,92474591,1217608,100137.0
Alan Becker,5746SJTnpn8,Hangman - An Actual Short,2022-11-26T13:30:47Z,27702473,1284709,7594.0
Alan Becker,_cIrUjcorDM,Autocorrect - An Actual Short,2022-11-19T13:00:15Z,17920413,986867,11606.0
Alan Becker,CiodgRaY3uA,Beef - An Actual Short,2022-11-12T13:00:13Z,18060720,1148720,10533.0
Alan Becker,eNQki9oimwg,Spawn Eggs - An Actual Short,2022-11-05T12:27:35Z,16492156,984294,4560.0
Alan Becker,g5FCa7myUwY,Color Confusion - An Actual Short,2022-10-29T12:00:27Z,74731100,3451346,12673.0
Alan Becker,CXYtaJueO3c,Water Bucket Clutch - An Actual Short,2022-10-22T12:00:14Z,14989431,1059797,4380.0
Alan Becker,dOyE-nEUco4,Carrot on a Stick - An Actual Short,2022-10-15T12:00:24Z,12650603,931958,10752.0
Alan Becker,GCwIkC4w-Ho,My Ghast Friend - An Actual Short,2022-10-08T12:00:15Z,19282450,1205736,17042.0
Alan Becker,BkwdfnffeMw,Creeper Prank - An Actual Short,2022-10-01T12:00:05Z,37149486,2067683,4079.0
Alan Becker,5G5mqXvsKyU,Enchanted Origami - An Actual Short,2022-09-24T12:00:03Z,16149598,1186672,3709.0
Alan Becker,TF5NLYbmEBc,Bob - An Actual Short,2022-09-17T12:00:16Z,21831193,1226378,7512.0
Alan Becker,27IlyWXwd-g,Basketball - An Actual Short,2022-09-10T12:00:01Z,45926042,2679032,12284.0
Alan Becker,4P6l35M61GY,Note Block Universe - Animation vs. Minecraft Shorts Ep 29,2022-07-30T12:00:11Z,41845761,874472,57184.0
Alan Becker,o5RhbG3tOT8,The Raid - Animation vs. Minecraft Shorts Ep. 28,2022-04-23T12:00:33Z,96889037,1188386,57453.0
Alan Becker,SNuJrSP3JDA,Monster School - Animation vs. Minecraft Shorts Ep 27,2022-03-05T12:00:22Z,116941927,1278669,37093.0
Alan Becker,23BwajC5CKM,Animation vs. Trash (#TeamSeas),2021-12-11T12:00:01Z,52929231,838269,22673.0
Alan Becker,-kCePEEBjvc,Animation vs. Arcade Games (official),2021-11-26T12:00:01Z,133878445,1043292,18115.0
Alan Becker,YZ4W964hocA,The Warden - Animation vs. Minecraft Shorts Ep 26,2021-11-02T11:09:30Z,90940482,1304275,37310.0
Alan Becker,8kiPjEeTaW4,The Ultimate Weapon - Animation vs. Minecraft Shorts Ep 25,2021-08-28T11:00:05Z,55226539,1063393,50418.0
Alan Becker,Q08Dev5RvHI,Epic Moments - Animation vs. Minecraft (Series 1),2021-07-10T12:01:50Z,22988070,403804,8729.0
Alan Becker,yPCSUE0-4qI,Lush Caves - Animation vs. Minecraft Shorts Ep 24,2021-06-12T11:00:32Z,36852189,671475,19862.0
Alan Becker,L_Z7lQTtJK8,Titan Ravager - Animation vs. Minecraft Shorts Ep 23,2021-05-22T11:00:18Z,80439870,958694,19725.0
Alan Becker,q4dANhP7BVg,Parkour - Animation vs. Minecraft Shorts Ep. 22,2021-04-03T11:00:17Z,206963207,1313249,37363.0
Alan Becker,-Y2Mi2iAVMY,The Witch - Animation vs. Minecraft Shorts Ep 21,2021-02-06T12:00:01Z,83029866,1279049,54795.0
Alan Becker,H_4e85Q2EjE,The Piglin War - Animation vs. Minecraft Shorts Ep 20,2020-12-12T12:00:03Z,84763272,1169383,37552.0
Alan Becker,TF9I1GxNdJQ,Animator vs. Animation Season 2 (Ep  5-8),2020-12-05T12:00:22Z,183042952,2843783,126377.0
Alan Becker,0a1r0JaONS4,The Showdown - Animator vs. Animation 8,2020-10-24T12:00:10Z,58530763,1346058,114448.0
Alan Becker,6xcIBCur-3k,Animation vs. Minecraft Shorts Season 2 - All Episodes (15-19),2020-09-19T11:00:01Z,158127987,1328077,24229.0
Alan Becker,en5KyaRyRbw,Lucky Blocks - Animation vs. Minecraft Shorts Ep 19,2020-09-06T11:00:08Z,113094210,1545821,31757.0
Alan Becker,ZXUCbK3Au4k,Texture Pack - Animation vs. Minecraft Shorts Ep 18,2020-06-13T11:00:14Z,85538259,1120847,23931.0
Alan Becker,WDQ60JGcxkw,Build Battle - Animation vs. Minecraft Shorts Ep. 17,2020-04-11T14:31:19Z,64154309,899219,16946.0
Alan Becker,c0egcErkap0,Note Block Battle - Animation vs. Minecraft Shorts Ep 16 (Music by AaronGrooves),2020-03-14T12:33:28Z,185273049,2187397,85639.0
Alan Becker,X7Mpp35EAqI,Redstone Academy - Animation vs. Minecraft Shorts Ep 15,2020-02-15T12:00:07Z,98873254,972874,17507.0
Alan Becker,uyVgkAyVu6c,I made a Stick Figure Animation Course!,2019-11-29T12:00:20Z,22047848,485602,11218.0
Alan Becker,sHFeuBlBUos,Animation vs. Minecraft Shorts Season 1 - All Episodes (1-14),2019-11-23T23:16:38Z,281879937,2450649,52394.0
Alan Becker,E-fbaLE_0Ew,Animation vs. Super Mario Bros (official),2019-11-09T12:00:13Z,82451593,951415,20940.0
Alan Becker,mlLl8eFJgkU,Blue's New Superpower - #TeamTrees,2019-10-29T20:34:19Z,56720405,976907,27131.0
Alan Becker,pCBP4M08ndE,Cave Spider Roller Coaster - Animation vs. Minecraft Shorts Ep. 14,2019-09-21T11:00:11Z,530602452,3039167,0.0
Alan Becker,F3-hftG5J2g,Reacting to my Fans' Captions,2019-09-08T11:00:01Z,14491661,339208,13389.0
Alan Becker,qLKuZjmD5kk,Animator vs. Animation 2 with a Live Orchestra Soundtrack,2019-08-02T18:21:26Z,4604142,139900,4119.0
Alan Becker,fJYpKsGroio,Animation vs. Pokémon,2019-07-06T11:58:46Z,81859363,1386099,0.0
Alan Becker,zRD4-cl9_OU,The Dolphin Kingdom - Animation vs. Minecraft Shorts Ep. 13,2019-05-11T11:00:11Z,85981334,874168,0.0
Alan Becker,O3JPzQYJTZk,The Killer Bunny - Animation vs. Minecraft Shorts Ep. 12,2019-04-04T20:00:01Z,40164153,630198,13918.0
Alan Becker,_vfSvckpQWo,The Flashback - Animator vs. Animation 7,2019-03-12T03:40:19Z,35921366,683637,28185.0
Alan Becker,WTPt07NO61A,SkyBlock - Animation vs. Minecraft Shorts Episode 11,2019-01-28T19:58:15Z,134087056,1260536,19925.0
Alan Becker,c6kgs7nEi8Y,Animators vs. Games - NEW CHANNEL!,2018-12-22T17:00:05Z,3403545,62623,2271.0
Alan Becker,kA0Ywk7sQLg,Animation vs. League of Legends (official),2018-12-20T23:28:15Z,128885749,1899936,57685.0
Alan Becker,VX1bzd7SfEo,I delay hitting 7 million subs by doing a live Q&A!,2018-12-12T02:29:17Z,2253083,44074,2567.0
Alan Becker,4LUpT43CWPI,7 Million Subscriber Special - Live Q&A!!,2018-12-12T01:39:50Z,0,13,0.0
Alan Becker,KfjYsIYRlAo,Animating Animation vs. League of Legends! (Spoilers),2018-12-06T22:04:54Z,7607313,81260,2634.0
Alan Becker,dL8F0B8Hj0o,The Chosen One's Return - Animator vs. Animation 6,2018-10-28T13:35:16Z,41186246,821482,46247.0
Alan Becker,wkedWWxRABM,The End - Animation vs. Minecraft Shorts Ep. 10,2018-09-19T10:26:50Z,34674939,580659,22864.0
Alan Becker,3hgrw7QQpnE,The Virus - Animator vs. Animation 5,2018-08-19T08:10:36Z,106821562,1973573,97727.0
Alan Becker,mZ0HmfgDArk,This is how I say thanks for 5 million subscribers (Otamatone Cover),2018-07-21T20:59:49Z,4234770,138894,13713.0
Alan Becker,_fPhQLM4Iac,Villagers - Animation vs. Minecraft Shorts Ep. 9,2018-07-19T00:00:09Z,68487168,842179,26437.0
Alan Becker,R089Js4teb4,100 MILLION VIEWS,2018-07-01T04:18:48Z,2461385,97628,10653.0
Alan Becker,E7x2pH6yiL4,The Nether - Animation vs. Minecraft Shorts Episode 8,2018-06-19T05:11:13Z,27186028,498507,22517.0
Alan Becker,z2sRTaa9lZU,PvP - Animation vs. Minecraft Shorts Ep. 7,2018-05-19T05:45:13Z,77407903,1077694,33737.0
Alan Becker,y5zW1c30MGQ,Command Blocks - Animation vs. Minecraft Shorts Ep. 6,2018-04-18T18:00:06Z,81973619,1169815,29430.0
Alan Becker,c9DrryMw248,Note Blocks - Animation vs. Minecraft Shorts Ep. 5 (music by AaronGrooves),2018-03-18T14:00:03Z,235451509,2706912,83525.0
Alan Becker,KXgaSaME-Ms,Potions - Animation vs. Minecraft Shorts Ep. 4,2018-02-18T17:00:02Z,68941879,949796,32387.0
Alan Becker,cPWPAjYb5eI,The Roller Coaster - Animation vs. Minecraft Shorts Ep. 3,2018-01-19T03:05:13Z,177920693,1465848,40041.0
Alan Becker,J_PRXuovweE,The Building Contest - Animation vs. Minecraft Shorts Ep. 2,2017-12-18T12:55:00Z,147436836,1304399,27760.0
Alan Becker,rmMR8HLRL6I,How to Play Animator vs. Animation - The Card Game,2017-12-07T03:23:48Z,4910548,95853,4160.0
Alan Becker,J_iatdx0OPE,Animator vs. Animation - The Card Game!!,2017-11-21T14:30:01Z,2636501,73493,2996.0
Alan Becker,sVhWjSKywAQ,The Rediscovery - Animation vs. Minecraft Shorts Ep. 1,2017-11-18T17:00:04Z,79210706,964579,25363.0
Alan Becker,F74m1Bi9Trc,Behind the Scenes - Animation vs. YouTube,2017-08-04T19:31:48Z,4938024,94309,3780.0
Alan Becker,lhikdD6Hf2M,Animation vs. YouTube (original),2017-08-03T11:30:02Z,131580690,2170466,97516.0
Alan Becker,EM8AN2wppAQ,I have an announcement!,2017-07-27T06:54:45Z,1400608,52376,6587.0
Alan Becker,lrST2E7am2w,GreeNoodle - Ramen Noodles Made with Moroheiya (Animation),2016-12-14T15:00:03Z,2086735,36386,3571.0
Alan Becker,JZm4PdiScFY,Animation vs. YouTube - SNEAK PREVIEW,2016-12-10T15:00:34Z,8527782,195151,14222.0
Alan Becker,1zj5mj1DHOk,The Story of Animator vs. Animation - 10 Year Anniversary,2016-06-03T13:00:00Z,12535910,363550,21829.0
Alan Becker,T_3zQh1I25I,The Story of Love (Animation),2016-01-31T03:21:03Z,2771287,97694,10959.0
Alan Becker,iyIcujtB5UQ,Alan Becker Channel Trailer,2016-01-29T16:37:31Z,12163969,130268,3552.0
Alan Becker,YSzrf195IAk,Behind the Scenes - Animation vs. Minecraft,2015-12-15T06:47:36Z,7292744,134277,6962.0
Alan Becker,GW_fdXHOWp4,Animation vs. Minecraft (original),2015-12-15T06:11:23Z,350926602,4142923,177200.0
Alan Becker,ScjIy5a3j9A,RELEASE DATE and PREVIEW of Animation vs. Minecraft!,2015-12-07T16:10:42Z,3720843,42095,1787.0
Alan Becker,BJjOdLovlvs,"the ""Beat Box"" - a Percussion Machine",2015-11-06T21:39:00Z,2437829,65315,2432.0
Alan Becker,Qb1VvUf21L4,Animator vs. Animation (HD),2015-08-04T15:40:45Z,20558985,338542,7919.0
Alan Becker,WDIeS7NHTpU,Animator vs. Animation 2 (HD),2015-08-04T14:15:19Z,24145208,325576,5762.0
Alan Becker,MqVM5F_XvpU,"""The Law Shack"" Sequel",2015-07-31T15:44:32Z,2888122,35074,975.0
Alan Becker,r1aEdbFW6E4,"""The Law Shack"" Animation",2015-06-25T00:46:36Z,2499538,27994,612.0
Alan Becker,6k0OYOt7GDE,Animation vs. Minecraft - SNEAK PREVIEW,2015-04-11T00:55:33Z,21078015,260139,7645.0
Alan Becker,G-97yFJS6bU,My Patreon Page!,2015-04-11T00:07:13Z,933371,15300,518.0
Alan Becker,hayIPU3wRuo,Chairbending: Stop Motion Short,2015-02-16T13:26:41Z,2307692,61111,1794.0
Alan Becker,45rBNzra7ZY,GIF Share Animation,2014-12-27T00:10:43Z,405876,6214,223.0
Alan Becker,ptc7rGXp284,Behind the Scenes - Animator vs. Animation 4,2014-10-10T02:35:47Z,8314886,193174,8256.0
Alan Becker,VufDd-QL1c0,Animator vs. Animation 4 (original),2014-10-02T09:09:46Z,204115327,3542055,184133.0
Alan Becker,2nqDRTN-SSg,RELEASE DATE and SNEAK PEEK of Animator vs. Animation IV,2014-09-16T00:18:12Z,2484122,23049,722.0
Alan Becker,BOEkxWxaG5o,If Water Had Eyes - with Sound Effects,2014-07-11T00:49:34Z,2376780,47895,1986.0
Alan Becker,lro45jPc4LA,Revolt TV Animation 2 - by Alan Becker,2014-01-13T19:27:54Z,952838,8532,287.0
Alan Becker,nbXTR_S2o70,Revolt TV Animation - by Alan Becker,2014-01-07T21:39:35Z,589032,10340,306.0
Alan Becker,7opx1S6pzNI,Help me plan the next animation 2!!,2013-12-13T22:49:07Z,444742,5233,558.0
Alan Becker,J2CvkoeOwJg,GROW! Lizard - Time Lapse,2013-11-28T04:39:06Z,12982303,180038,8470.0
Alan Becker,6mCTUL9TT7o,Help me plan the next animation!,2013-07-31T06:35:21Z,767600,11552,627.0
Alan Becker,KwofhyizvnA,Animator vs. Animation 4 - Kickstarter Video!!,2013-07-10T14:56:47Z,2493201,38125,2023.0
Alan Becker,HANRR9y4moc,Animator vs. Animation IV Kickstarter LAUNCH DATE! and other updates,2013-07-01T14:51:27Z,853029,13307,326.0
Alan Becker,59zW8cBvujY,Announcement about Animator vs. Animation 4,2013-06-05T20:55:26Z,1411796,25513,635.0
Alan Becker,hhw062kN6pU,2013 Folger's Jingle Contest Finalist Entry - Soul Monsters,2013-05-15T16:48:15Z,291826,3362,82.0
Alan Becker,_lBHRGTHIMo,Behind the Scenes - A Wild Pokémon Sighting,2013-05-05T01:50:57Z,1469676,6917,180.0
Alan Becker,xdSNaDkmMxc,A Wild Pokémon Sighting,2013-05-04T08:18:59Z,2280267,15462,1076.0
Alan Becker,93JiNSJKRx8,Lumin,2013-05-03T20:42:41Z,1296846,26547,1684.0
Alan Becker,g4D3CVz7mvs,Behind the Scenes - My paper crane flew away,2013-03-29T15:56:55Z,554109,8662,258.0
Alan Becker,tBX-trWQur4,My paper crane flew away,2013-03-29T13:08:06Z,1166577,19114,1035.0
Alan Becker,gA2HLRbon3M,"Two Door Cinema Club - Eat That Up, It's Good For You - Full iPad GarageBand Cover",2012-12-01T06:57:46Z,292343,5898,613.0
Alan Becker,NRWTY3w_ea4,3D Pictures of Food by Alan Becker,2012-10-01T20:48:04Z,525021,4803,301.0
Alan Becker,PD5Ln5obI5U,Stick Texting - iPhone App with animations by Alan Becker,2012-08-08T21:32:47Z,8355443,142442,5319.0
Alan Becker,L95ARaw-vu4,Animator vs. Animation styled CCAD Show Intro,2012-05-17T17:12:12Z,481030,8269,215.0
Alan Becker,75KQousiu9w,Burger Box - Animated Short,2012-05-12T05:33:35Z,23897868,158786,5620.0
Alan Becker,o5_XMWj15gk,Support: a Flipbook by Alan Becker,2011-12-27T19:23:18Z,3347438,13502,215.0
Alan Becker,wEDeWQ0SO3E,The Burger - a Stop Motion Short,2011-10-10T19:28:23Z,11871919,20480,444.0
Alan Becker,fsoKSJAfGOs,Something Freaky,2011-10-05T10:29:20Z,7754182,26740,2258.0
Alan Becker,PCtr04cnx5A,Animator vs. Animation 3 (original),2011-10-02T19:45:26Z,68767402,815404,32858.0
TomSka,qcwqUf_B5mM,asdfmovie16,2026-02-09T18:24:05Z,7248915,614948,44075.0
TomSka,ufdnFCSElLs,The Button (feat. Daniel Howell),2024-07-12T16:00:18Z,1876522,124500,3777.0
TomSka,uApthBVk7mw,asdfmovie15,2024-06-25T21:55:43Z,7296085,515828,40174.0
TomSka,wQbdA5vYqcA,Don't Press That Mine Turtle,2024-06-03T16:57:55Z,1462536,102616,3973.0
TomSka,pp_RPKtJlMo,The Confession 4,2023-12-15T17:43:16Z,1999269,137150,5574.0
TomSka,vLE-K1CJ-Ts,The Blame Game,2022-09-16T17:12:57Z,2078239,135007,4222.0
TomSka,lGrZH05EX6o,REAL MAN! (asdfmovie skateboarding cow song),2022-03-29T17:28:30Z,8237803,272975,14098.0
TomSka,5jgywzmgwjU,Bad Director,2022-03-10T16:36:49Z,2301701,137944,3928.0
TomSka,E77R0e5bzIs,Juice That Makes Your Head Explode,2021-11-09T17:17:52Z,9053803,347091,13461.0
TomSka,vc6aHpPGPYU,asdfmovie14,2021-06-25T18:27:54Z,15943658,623258,37286.0
TomSka,ypynV-o5ox8,"1 Man, 27 Impressions",2021-05-10T16:01:35Z,5726572,283577,9363.0
TomSka,MAFG6lNYWSI,I'm Bad At Meeting Fans,2021-01-22T19:40:18Z,4278437,217199,9279.0
TomSka,EPTISdvyPiU,The Impostor,2020-12-21T19:38:57Z,3560688,172143,7353.0
TomSka,PvvB7yN8cDk,CRASH ZOOM - Shell Shock,2020-11-27T18:13:15Z,2607189,103394,6296.0
TomSka,QL3H7CUJMDU,asdfmovie13,2020-10-26T21:28:39Z,21708898,990003,65516.0
TomSka,Kfhdp5U_J-E,What is the best asdfmovie joke?,2020-09-28T21:36:41Z,4509343,231203,19640.0
TomSka,g-KDbmniV2U,CRASH ZOOM - Out Of Time,2020-08-28T16:59:20Z,2049748,97094,6322.0
TomSka,OpQlY2so3Mk,Let Me In,2020-08-06T17:23:30Z,6249791,329639,9790.0
TomSka,PQHpzqtDgv8,Russian Roulette (feat. Jacksepticeye),2020-07-16T14:58:57Z,4226544,280926,10842.0
TomSka,3s2qAFfpJf4,Meanwhile 4D,2019-12-14T19:24:22Z,11764503,262343,18843.0
TomSka,zVZ-_NET3JE,Bible Time (feat. Hbomberguy),2019-10-11T18:55:58Z,4779274,189060,6536.0
TomSka,UsVWkAq1s0U,asdfmovie12,2019-08-30T19:39:32Z,26261151,924623,65200.0
TomSka,FQ5hSInV9mg,IT'S MUFFIN TIME,2019-08-14T16:59:51Z,12947554,392078,13367.0
TomSka,AwXJcQkvRa4,Wizzo The Wizard,2019-05-23T18:19:47Z,4827594,225303,6648.0
TomSka,nVe32VcQ3d0,CRASH ZOOM - Cover Up,2019-03-29T18:51:14Z,2906135,98732,6029.0
TomSka,VpvqoYUybyA,Beard (feat. Crabstickz),2019-02-08T18:53:09Z,5103608,172632,6146.0
TomSka,97DndTq148o,Sam Kills Christmas,2018-11-09T18:00:22Z,2130985,109435,10868.0
TomSka,HrkErsZ80iY,Big Fat Monster (feat. Jack Howard & Will McDaniel),2018-09-13T18:37:31Z,4129449,148796,6665.0
TomSka,LJnpwL-2Drc,asdfmovie11,2018-08-10T16:17:06Z,29249278,892798,96535.0
TomSka,FLK4zacPcPw,Crybaby (feat. dodie),2018-06-15T16:11:51Z,2391430,115279,6536.0
TomSka,Ii4Rbbk8zAs,CRASH ZOOM - Firing Squad,2018-05-18T18:45:25Z,4984630,133807,13736.0
TomSka,LACbVhgtx9I,THE MUFFIN SONG (asdfmovie feat. Schmoyoho),2018-05-11T17:09:05Z,285273670,4665154,387590.0
TomSka,q-LP-dTjOR4,Magic Spoon (feat. Dean Dobbs),2018-02-23T19:29:59Z,6278009,208007,8841.0
TomSka,XOH_N9nTvCo,Tell Me Something I Don’t Know (feat. NerdCubed),2018-02-02T19:02:58Z,5232014,172701,6791.0
TomSka,fPVC-WhCoHs,Imaginary Friend (feat. JaidenAnimations),2017-12-21T17:48:50Z,10162636,378357,27085.0
TomSka,l4_HgCp0whc,Christmas Delivery,2017-12-08T17:58:39Z,7155766,199788,7657.0
TomSka,BE5JYFlmYbY,Holy Shit Cats 2,2017-11-20T18:54:42Z,3045698,124555,7552.0
TomSka,ngJ2ZwfHtjw,Any Regrets?,2017-10-27T18:00:11Z,5754823,163424,6759.0
TomSka,R5GTWnzyMXQ,First Contact (feat. Daniel Howell),2017-07-28T18:24:57Z,7135071,265010,11869.0
TomSka,MeILF3v5KD4,Baby With A Gun 2,2017-05-25T17:53:16Z,16105187,472507,19596.0
TomSka,foFKXS6Nyho,asdfmovie10,2017-04-01T11:07:58Z,41565451,887187,83966.0
TomSka,bayYrHSkziY,Time Trouble,2017-03-13T17:44:49Z,4829583,146862,3534.0
TomSka,snBCRnczxq0,Spy Guys (feat. Crabstickz),2017-02-10T18:14:35Z,2069084,97796,3282.0
TomSka,KXLILNrZ3NQ,17 Ways To Dump Your Girlfriend (feat. dodie),2017-01-19T17:58:54Z,9392675,301243,10334.0
TomSka,UZqrfDd1IEs,Secret Santa,2016-12-15T17:51:29Z,7656125,297787,11572.0
TomSka,Bwic3hJ4q1A,The Wish,2016-10-21T16:03:21Z,8121340,259178,9099.0
TomSka,QJwIsBoe3Lg,Le Alien (feat. Antoine Daniel),2016-09-23T16:08:58Z,8790515,304611,18151.0
TomSka,DLpAUIclJzo,Robot Wars,2016-08-26T20:27:30Z,3063009,102904,4696.0
TomSka,8imiDETu2uw,CRASH ZOOM - Sky Scam,2016-07-08T17:27:51Z,4322293,92014,7091.0
TomSka,FJBCCLbpjHM,The Confession 3,2016-06-25T18:30:15Z,12823118,284605,8455.0
TomSka,-vrnJp5GcKQ,Magical Dream Bed,2016-06-10T16:32:03Z,4177988,123859,18380.0
TomSka,8CLJzjq7NAU,Fire Man,2016-05-13T17:13:00Z,5392979,146619,4747.0
TomSka,FNSuYQ0mYUE,The Orb (feat. Ashens),2016-04-22T16:45:11Z,9165685,245589,8394.0
TomSka,tGBanqGBJ_I,Rejects (feat. Daniel Howell),2016-03-18T17:59:27Z,17322409,545227,24162.0
TomSka,TDBeXJXYS4U,CRASH ZOOM - Grave Mistake,2016-02-12T19:00:56Z,5510069,104541,7492.0
TomSka,hkNB-7_jnc0,Stripper Cop,2016-01-29T18:52:41Z,6071500,166049,4748.0
TomSka,gft6dWYlVpQ,Primitive Correctness (feat. Crabstickz),2015-12-11T20:08:15Z,4764395,146573,3798.0
TomSka,HAtkMuyVPS0,Shoot All Your Problems Away,2015-11-06T18:49:23Z,10771729,275915,34188.0
TomSka,wufXYCvN_uY,Bite Me (feat. Crabstickz),2015-10-16T16:01:30Z,10185817,268691,7200.0
TomSka,ulcidTB4P1U,CRASH ZOOM - Orcs & Dorks,2015-08-28T19:24:05Z,5713408,115288,11259.0
TomSka,8l6T3fwxAyw,asdfmovie9,2015-08-07T17:16:27Z,35876782,617296,36879.0
TomSka,-ecPRYIkuaM,Pizza Time,2015-06-19T17:15:26Z,11703683,272103,10189.0
TomSka,MFy4otNb0b0,The New Kid,2015-05-08T16:53:14Z,9487498,240964,5693.0
TomSka,bSQrirdIa7A,TomSka vs Oreo (feat. Hazel Hayes),2015-04-17T15:56:25Z,7493157,156833,7787.0
TomSka,t7t8fales4w,CRASH ZOOM - Fingered,2015-03-27T17:37:49Z,3667346,84954,4987.0
TomSka,q_879HMK_Nc,The Puberty Talk,2015-03-20T18:58:42Z,1706822,49747,5423.0
TomSka,OQW5Zms6Y5E,Delayed Reaction,2015-03-04T18:00:39Z,7519319,234819,6185.0
TomSka,W6GlnVaPRz0,Designated Driver,2015-02-20T17:32:11Z,6517816,176498,5142.0
TomSka,NPum07dH_mw,I Don't Know,2015-02-06T18:01:00Z,10863004,272050,7143.0
TomSka,vi0eFvPcFoM,Detective TomSka and Tanya Bear,2015-01-30T17:13:39Z,2834320,62345,2246.0
TomSka,EKRUwVmkS8U,Where's The Baby?,2015-01-23T16:01:34Z,9555725,302547,12183.0
TomSka,TnyBXvB3_ho,CRASH ZOOM - Movie Massacre,2015-01-09T17:18:12Z,5683426,115850,8424.0
TomSka,DWM8g59Pkm4,Meanwhile 3,2014-12-15T17:06:27Z,13678944,262522,11914.0
TomSka,MEfJZjaOvfs,VIDEO GAMES ARE DUMB,2014-12-06T11:57:51Z,10219556,187398,7232.0
TomSka,bAIbvlobWDM,The Hole,2014-11-18T17:54:14Z,27806196,851297,31428.0
TomSka,G3mBiwPfz6I,EPIC GIRLFRIEND PRANKS,2014-10-31T19:04:21Z,7618712,174431,12381.0
TomSka,masJatBOsMU,The Confession 2,2014-10-16T18:31:40Z,17155218,372579,13261.0
TomSka,olit-B5Yldc,asdfmovie8,2014-10-10T13:59:31Z,41690259,660614,33682.0
TomSka,Hh-67jrOLeE,How To Succeed On YouTube,2014-09-26T16:00:12Z,1522057,53839,5201.0
TomSka,SjGVp_MZioo,Stripper Cake,2014-09-19T16:00:07Z,1908975,37928,1877.0
TomSka,L46iCN6MBFM,HORSE,2014-05-16T14:20:45Z,27724973,271920,20000.0
TomSka,kj_zZOduSNc,STUPID JUSTIN BIEBER PARODY,2014-04-25T14:03:49Z,2805751,51047,3568.0
TomSka,v6IyejLa35s,Sniper Pug,2014-04-19T12:12:21Z,30412498,483563,18600.0
TomSka,hRQTAKtanjc,Stupid Soldiers,2014-02-28T13:25:34Z,8182155,182103,3950.0
TomSka,XXHe7rEQrvQ,Valentine's Lies,2014-02-14T13:08:07Z,9143209,272867,6485.0
TomSka,L5inD4XWz4U,EVERYBODY DO THE FLOP (asdfmovie song),2014-01-17T17:57:34Z,117419579,1386742,70335.0
TomSka,ynek8DL3WuU,Literal Drinks (feat. Crabstickz),2013-12-20T17:58:40Z,13041152,275809,8343.0
TomSka,yBfYtEy1Ovo,THE SEX TALK,2013-12-13T22:21:22Z,4528015,98808,9198.0
TomSka,tTV2fWuXmMQ,Picture Perfect (feat. Crabstickz),2013-11-22T13:21:17Z,11563997,257427,6420.0
TomSka,XlUMyKgmy6k,asdfmovie: deleted scenes,2013-11-17T14:06:10Z,25494804,434200,21020.0
TomSka,5xniR1GN69U,asdfmovie7,2013-10-25T11:13:36Z,39455701,568132,49854.0
TomSka,8CsnaZqnyyU,Welcome to TomSka,2013-10-18T18:32:52Z,4669488,29313,1586.0
TomSka,sBtpRb59dD8,Meanwhile 2,2013-10-11T17:15:56Z,14625649,247729,8607.0
TomSka,6ZCkZsqUk38,Super Good Impressions,2013-10-03T12:11:58Z,2718529,72386,2843.0
TomSka,H0WynQgUlWo,Coming Out (feat. JackHoward),2013-09-12T16:21:21Z,10484190,312303,13295.0
TomSka,yI2AbCy1NVw,The Fallen (feat. KickthePJ),2013-08-04T06:01:19Z,5261341,139565,8058.0
TomSka,8tTAli2xxSA,STABBED (feat. OneyNG),2013-07-11T17:05:48Z,10772035,245046,14634.0
TomSka,6bWJu8DvFMk,Cake,2013-06-14T18:51:10Z,14949487,338690,13539.0
TomSka,akjUcRHSPdU,Guitar Warfare (feat. FreddieW),2013-05-20T00:48:09Z,6411639,180178,16328.0
TomSka,hrzIykdka4s,asdfmovie6,2013-02-09T14:23:13Z,52652325,694818,82551.0
TomSka,TpY4ym5fspQ,Christmas Demolition,2012-12-22T11:59:35Z,6821591,195798,23208.0
TomSka,ZhhaZFJojZo,Party Surprise (feat. Cinemates),2012-12-09T11:14:29Z,1837490,38372,2442.0
TomSka,rmuj7KJV-2w,Mr. Cat,2012-10-20T17:42:47Z,16525907,455306,27778.0
TomSka,YmokqDrIBKg,Meanwhile,2012-09-30T13:48:31Z,15321310,293983,11128.0
TomSka,8YTbIHz4Hjw,Chaos Relay,2012-08-10T19:09:30Z,4371596,57549,6716.0
TomSka,_klZMH6TJM4,Deleted (feat. JoshSundquist),2012-08-04T00:19:52Z,3324361,44686,4148.0
TomSka,lOcDfMBq9VI,What Happened? (feat. 5secondfilms),2012-07-20T17:15:09Z,11446215,274510,26655.0
TomSka,DI5_sQ8O-7Y,MINE TURTLE (asdfmovie song),2012-06-22T16:09:52Z,51410914,497244,49958.0
TomSka,v0SQlxGbplw,First Date,2012-05-25T16:00:48Z,5354963,98677,5474.0
TomSka,QT0oUARKw68,Baby With A Gun,2012-05-18T14:18:31Z,23899248,557566,27237.0
TomSka,tCnj-uiRCn8,asdfmovie5,2012-05-11T07:12:19Z,47936159,499804,58324.0
TomSka,xUniJxIe2YI,Salon Shootout,2012-04-27T15:30:16Z,4522853,105310,10795.0
TomSka,FN1vPSkfVkA,Ledge Man & The Assassin (feat. Khyan),2012-04-13T19:47:25Z,4560817,86482,2921.0
TomSka,kjK-LzkekCU,Rock Bottom,2012-02-24T18:13:35Z,16691931,250254,24841.0
TomSka,K-nDfVIVhsM,Musical Suicide,2012-01-27T21:07:22Z,12948335,297443,18062.0
TomSka,Sw6-uJCfeiE,The Confession,2012-01-06T06:08:24Z,25595145,607432,20026.0
TomSka,6aQ6N7pc-bQ,Memories,2011-12-24T06:36:57Z,6718660,98752,11785.0
TomSka,yk0ZBfbe2fY,Bad Singer (feat. Jack and Dean),2011-12-09T00:30:19Z,4520920,81925,3725.0
TomSka,5hjoDOnzr5s,HOLY SHIT CATS,2011-11-26T10:25:53Z,7414152,152252,12582.0
TomSka,hHkKJfcBXcw,I LIKE TRAINS (asdfmovie song),2011-09-23T07:10:00Z,62411760,1044120,114136.0
TomSka,cYNdUM2gRsg,asdfmovie4,2011-09-02T07:16:37Z,59946095,547149,65799.0
TomSka,cLg8V4IZXBQ,asdfmovie4 (deutsch),2011-09-02T07:07:28Z,3415714,30220,8581.0
TomSka,3I3LCyLY_m0,Needles (feat. Jack and Dean),2011-07-09T10:18:36Z,14024035,271505,8765.0
TomSka,nwKnlB-DoLY,Bad Voice Actor (feat. JacobTrueman),2011-06-11T11:02:45Z,3027063,56247,2611.0
TomSka,O5fzmmrk6kk,Banned University of Lincoln Advert 3,2011-03-18T03:24:56Z,4406524,45769,5540.0
TomSka,F6YvpZb1pOY,Banned University of Lincoln Advert 2,2011-03-11T02:16:52Z,2463344,22980,1310.0
TomSka,zandec5fA4U,Banned University of Lincoln Advert,2011-03-03T23:29:00Z,2761721,23709,2286.0
TomSka,oY6tCnu-1Do,asdfmovie3,2010-12-31T08:21:30Z,64310858,540759,54023.0
TomSka,kUNYlEP8vwU,War,2010-11-26T04:58:06Z,3866444,44569,4365.0
TomSka,dIvnu97xRUY,MUSCLE SCHOOL: NUNCHUCKS,2010-10-15T21:50:54Z,891569,10746,899.0
TomSka,1gSZbRp0DHs,Snowballs,2010-10-09T12:01:04Z,11167619,85762,8295.0
TomSka,avYBuijHPBI,Drunk Science,2010-10-01T15:21:32Z,12986896,157921,15949.0
TomSka,dPCCAv5eQiA,Ben Kovic - The Journey,2010-09-26T21:04:46Z,972997,23047,2547.0
TomSka,rN78DI12iis,Ritalin'd,2010-09-09T14:27:04Z,2104602,38901,3004.0
TomSka,W27WSHTVyx4,Face,2010-09-03T13:07:07Z,1871327,15784,1320.0
TomSka,yak057tRl0Q,Vuvuzela Beatbox,2010-06-23T15:09:55Z,805121,10084,1081.0
TomSka,o3ppYcmGsEk,Ben Kovic - Requiem,2010-06-04T13:47:18Z,559750,12543,1565.0
TomSka,Tga8dL03N8Q,TomSka's Day Out 4 (2010),2010-05-29T02:44:27Z,470420,4739,1501.0
TomSka,CZO8tAC2bd8,Glitch,2010-05-15T00:51:55Z,2710000,30386,2604.0
TomSka,am6fco14Gi0,marmite is terrible (asdfmite),2010-04-20T21:08:59Z,24556685,209507,14358.0
TomSka,A42KcOHItXI,A Student Film,2010-04-19T01:14:37Z,2172861,40566,3399.0
TomSka,8xkZdmg6qt4,2 Canadians on a Plane,2010-03-20T02:17:14Z,3796252,27902,6820.0
TomSka,GNN0kTNqjHg,Be Cooler,2010-03-12T20:17:54Z,595507,9303,1057.0
TomSka,i8-e3WAue-k,Evil Editor,2010-03-05T22:23:27Z,1202484,23194,775.0
TomSka,njyedHbZsGQ,Pinned Down,2010-02-26T17:07:13Z,1333727,19961,1058.0
TomSka,0ydXbJrQ4jc,Psycho Girlfriend Smashes Xbox,2010-02-19T10:10:57Z,15896803,131834,79846.0
TomSka,7Hpu4Oj5Za8,Greenscreen,2010-02-12T16:15:46Z,1174851,24816,1366.0
TomSka,BFjSOlox3X4,Grim Symphony,2010-02-05T11:01:10Z,1344411,9403,1279.0
TomSka,mDM_zFCEBv8,Rad Party,2010-01-29T22:38:39Z,1314523,17799,1179.0
TomSka,miIr7Qz3CY8,Spun,2010-01-23T00:45:49Z,2606449,30991,2134.0
TomSka,V_uavk2SZW0,MUSCLE SCHOOL,2010-01-15T21:11:27Z,486888,6593,828.0
TomSka,8PWlxfTFmyE,asdfmovie2: deleted scenes,2010-01-08T11:23:59Z,23291557,172261,10996.0
TomSka,tKB4h9gvmm0,asdfmovie2,2010-01-01T08:07:54Z,66699900,570776,50650.0
TomSka,WMrd2WZ9PT0,TomSka vs Christmas,2009-12-25T09:16:16Z,1439705,38388,3056.0
TomSka,bthId6_lRbw,Laser Pointer,2009-12-18T22:02:07Z,3315745,56916,2789.0
TomSka,xu96OWPxM24,Super Pervert,2009-12-11T22:41:00Z,1684122,22777,1018.0
TomSka,R4j3HmV0s0s,Always the Answer,2009-10-25T00:01:07Z,4998367,170924,7278.0
TomSka,5swMuYd2D4Q,Bodyguard,2009-10-03T17:55:35Z,2134975,34884,2824.0
TomSka,ZX9wParHJPs,TomSka's Day Out 3 (2009),2009-09-01T10:56:52Z,340523,4164,1072.0
TomSka,dSY-90rwNgE,Standoffish,2009-06-22T04:18:07Z,5469187,113007,8560.0
TomSka,4bPdaNgYBaI,JUMP FAIL,2009-05-31T17:48:57Z,2498391,9620,3990.0
TomSka,6Y5jNQ7CaYI,LifeHack,2009-04-24T19:44:06Z,2129595,29004,3460.0
TomSka,G2ZakC5tc2A,Gun,2009-04-16T02:22:57Z,3003224,56989,2726.0
TomSka,Tv0aPqBli8U,Balls,2009-03-08T19:42:09Z,831931,12532,941.0
TomSka,d2n5zOgkEIY,Ben Kovic - Rain Before The Storm (live),2009-02-09T16:37:00Z,246165,4367,528.0
TomSka,dZqjMzlXXmI,Friendship,2008-11-17T23:48:28Z,1293752,22736,1583.0
TomSka,IYnsfV5N2n8,asdfmovie,2008-08-10T16:12:47Z,74366081,743363,58015.0
TomSka,T7JoZ7zobc0,Bing and Spamcat,2008-07-31T15:12:41Z,1802172,22420,3619.0
TomSka,AqE8SuLOQxo,Do Something (save the net),2008-06-24T22:31:46Z,261026,5082,801.0
TomSka,xaVngda8XZ0,The Bust,2008-05-29T14:37:41Z,5506841,39256,5643.0
TomSka,IpvAdun_dxc,TomSka's Day Out 2 (2008),2008-05-27T00:05:11Z,382531,4942,1056.0
TomSka,-d7dJg-x9gc,Awkward,2008-03-11T16:18:02Z,2127939,28789,1725.0
TomSka,JvMrM0qX1dM,Pokémon Extreme!,2008-03-02T23:47:26Z,2250471,31361,3747.0
TomSka,sFmeFDPiDcs,Be Cool,2008-03-01T01:48:52Z,736717,15899,1285.0
TomSka,pTeXbHH-etM,Procrastination Productions,2007-12-18T00:13:12Z,205102,2567,358.0
TomSka,NE_TOYrymuM,Le Pretentious Filme,2007-10-18T01:02:36Z,195201,4881,807.0
TomSka,0Unuxox8EDU,Evil Phone Man,2007-08-10T21:50:57Z,479084,10856,1768.0
TomSka,UskJ8iSqryo,The Death of Bing,2007-07-05T20:00:37Z,300343,2679,471.0
TomSka,3vgJBs4yFZQ,The Making of KILL BING,2007-05-07T12:24:04Z,179027,2885,509.0
TomSka,Erwxpr5viCM,KILL BING,2007-05-06T17:06:01Z,1078245,21662,3441.0
TomSka,tb3BPWovsdY,TomSka's Day Out (2007),2007-04-05T18:08:00Z,929678,18584,5212.0
Netflix,Txk5C-452ak,Untold Mr. T: I Pity The Fool | Official Trailer | Netflix,2026-08-19T15:30:00Z,11192,995,87.0
Netflix,OaOYc2J_E_U,Earle Meets World | Official Trailer | Netflix,2026-08-19T15:00:00Z,11799,451,51.0
Netflix,UIUITdkLMXs,Jo Koy: Blue in the Face | Sneak Peek | Netflix,2026-08-19T13:30:00Z,3144,170,16.0
Netflix,W9buvx-e1vE,years' worth of memories right here #OuterBanks,2026-08-18T21:00:00Z,53094,4430,79.0
Netflix,XL7XNz78pcY,"Forever Pogues, forever Outer Banks",2026-08-18T21:00:00Z,22841,2243,142.0
Netflix,-TMFe1kICY0,Leanne: Season 2 | Sneak Peek | Netflix,2026-08-18T18:00:00Z,24682,473,11.0
Netflix,093tE0S-n2E,NFL on Netflix 2026 | LIVE on Netflix,2026-08-18T14:30:00Z,15781,671,30.0
Netflix,PuNATO-6a9U,Best Of The Best | Official Trailer | Netflix,2026-08-18T13:00:00Z,405156,9571,439.0
Netflix,JzV7HytdLeY,One Hundred Years of Solitude: Grand Finale | Official Trailer | Netflix,2026-08-18T12:00:00Z,21110,475,47.0
Netflix,xJQgLPMcK14,Graveyard: Season 3 | Official Trailer | Netflix,2026-08-18T07:00:00Z,21993,391,13.0
Netflix,1epklvnxATo,Turning Point: Generation 9/11 | Official Trailer | Netflix,2026-08-17T19:00:00Z,686065,11449,2025.0
Netflix,4ROpWwIEoPg,Freefall: A Reckoning for Boeing | Sneak Peek | Netflix,2026-08-17T16:30:00Z,30844,532,46.0
Netflix,vwOzGbMlvDk,Outer Banks | Season 4 Recap | Netflix,2026-08-17T16:00:00Z,95864,2815,101.0
Netflix,W8jMEXwErvk,A Different World | Official Trailer | Netflix,2026-08-17T15:00:00Z,839354,33356,3814.0
Netflix,3CpJfFl18e4,Hollywood Arts | Official Teaser | Netflix,2026-08-17T14:00:00Z,673245,26886,1786.0
Netflix,NjA5n52ZbT0,The Diplomat: Season 4 | Official Teaser | Netflix,2026-08-17T13:30:00Z,270760,4243,198.0
Netflix,2gZLY2PSTmk,no working on a swell day #obx #outerbanks,2026-08-16T22:00:00Z,27593,1257,25.0
Netflix,j34nOeu-dtE,The man in the billboard is out! And he's ready to answer your questions. #TheLastHouse,2026-08-14T16:00:00Z,52297,1901,62.0
Netflix,spktL9Dr7Dk,Chills as these Hall of Famers arrive to MLB at Field of Dreams,2026-08-13T23:48:35Z,37352,945,58.0
Netflix,dUraHb_Sdfc,Philadelphia Phillies and Minnesota Twins Emerge From the Cornfield | MLB at Field of Dreams,2026-08-13T23:40:16Z,40395,758,88.0
Netflix,I4leeZOf_Ug,MLB at Field of Dreams has begun!,2026-08-13T23:26:11Z,21453,973,32.0
Netflix,SmpEOhuvO6s,would watch #TheLastHouse,2026-08-13T22:00:00Z,43584,1069,33.0
Netflix,8wgC1XVGolE,Death of the Pastor’s Wife | Official Trailer | Netflix,2026-08-13T14:30:00Z,645333,9026,841.0
Netflix,VylsOZBYxQA,Tyler Perry’s Why Did I Get Married Again? | Official Trailer | Netflix,2026-08-13T14:00:00Z,418896,11183,589.0
Netflix,QS8oH0zscAY,The Stories that Grow with You | Only on Netflix,2026-08-13T13:00:00Z,41210,1446,54.0
Netflix,QJYG0KCwLLM,Untold Raygun: Breaking Badly | Official Trailer | Netflix,2026-08-12T20:00:00Z,118416,1347,571.0
Netflix,FnwySGfFTdc,The Perfect Lie | Official Trailer | Netflix,2026-08-12T18:00:00Z,178972,2337,80.0
Netflix,NHqtupihB4w,"Alright, class is in session! A Different World premieres September 24 on Netflix.",2026-08-12T16:30:00Z,29425,507,39.0
Netflix,Xs5qsfqp-tA,Crew Girl | Official Trailer | Netflix,2026-08-12T14:00:06Z,690018,12693,625.0
Netflix,TdSRAb-GSu0,Animals | Official Teaser | Netflix,2026-08-12T13:00:04Z,1522456,23898,1557.0
Netflix,2uCINlOKdyI,The next installment in the Monster Anthology rages onto Netflix September 17th,2026-08-12T12:00:00Z,16403,513,9.0
Netflix,uymxQ8qq6Q4,KEKE PALMER is showing off all her many sides on this week's episode #ShutUpEvan #KekePalmer,2026-08-11T23:00:00Z,40897,930,19.0
Netflix,v8o49qsLBdQ,Let’s Marry Harry | Finale Sneak Peek | Netflix,2026-08-11T19:00:00Z,22403,370,52.0
Netflix,_fyGtL8ZUb4,volume: 1000000000📺: A DIFFERENT WORLD PREMIERES ON NETFLIX SEPT 24,2026-08-11T17:00:00Z,19649,462,20.0
Netflix,EkQDfMLhRLM,Monster: The Lizzie Borden Story | Official Teaser | Netflix,2026-08-11T16:00:00Z,482061,11420,1130.0
Netflix,utE1mDVY0cA,Dang! | Official Trailer | Netflix,2026-08-11T15:00:00Z,191229,8631,828.0
Netflix,Q1c7QmxGVZA,A Different World | Brandy Theme Song | Netflix,2026-08-11T14:15:00Z,116674,6471,716.0
Netflix,hsOgBqDSi9M,Gentle Monster | Official Teaser | Netflix,2026-08-11T13:45:00Z,1309479,5430,220.0
Netflix,UJI1A8oa14k,Baseball Magic: MLB at Field of Dreams and the Film That Inspired It | Netflix,2026-08-10T19:00:00Z,51070,580,28.0
Netflix,r9eftEiTxIE,We put the Twins and Phillies players’ acting abilities to the test 😂🎬,2026-08-07T19:00:00Z,16607,361,26.0
Netflix,ZP_-xfWQ6_U,Outer Banks: Season 5 | Final Trailer | Netflix,2026-08-07T16:00:00Z,574078,20774,771.0
Netflix,FldeGkt4e4k,The Secret Woman | Official Trailer | Netflix,2026-08-07T07:00:00Z,149374,1730,73.0
Netflix,KVz5uxMnOgI,Wait...tell me that's not a real person in there?? #TheLastHouse,2026-08-06T22:33:27Z,132524,2025,95.0
Netflix,xZtriwVxEW8,"Some places just feel like home. My Life with the Walter Boys, Season 3 is now playing!",2026-08-06T15:00:00Z,272214,11672,188.0
Netflix,w5gez0OPGg8,Grand Theft Auto VI: An Extended Look,2026-08-06T12:30:00Z,241352,16874,553.0
Netflix,WJSlRPj4cqc,"Never wanting to unlock my phone now. My Life with the Walter Boys, Season 3 is now playing!",2026-08-06T07:00:00Z,318096,11706,204.0
Netflix,aVXvS3XzzHI,Untold: The Testimony of Vince Young | Official Trailer | Netflix,2026-08-05T16:00:00Z,120688,2453,170.0
Netflix,pePmU6Qu7IE,Love Is Blind: UK: Season 3 | Official Trailer | Netflix,2026-08-05T15:30:00Z,57623,811,32.0
Netflix,rRozCeic1ws,One Hundred Years of Solitude | Part One Recap | Netflix,2026-08-05T15:00:00Z,55610,629,36.0
Netflix,LK9Jl5Esyz4,Tyler Perry’s Beauty in Black: Season 3 | Official Trailer | Netflix,2026-08-05T13:00:00Z,188274,6036,429.0
Netflix,kagQ-t_PvY8,Let’s Marry Harry | Sneak Peek | Netflix,2026-08-04T16:30:00Z,28634,439,63.0
Netflix,NqvgMGrpDyE,"POGUES. FOR. LIFE. OBX, the final season. August 20. #OuterBanks",2026-08-04T15:30:00Z,66441,4868,111.0
Netflix,M1E-y3QZ6d8,Her fresh start is just getting started. LEANNE SEASON 2 premieres Aug 27 on Netflix 🌼,2026-08-04T13:00:00Z,26122,624,6.0
Netflix,YjgT9NMq3ww,Blood Sacrifice | Official Trailer | Netflix,2026-08-04T07:00:00Z,148804,2143,58.0
Netflix,nXzMKeXHAbo,"Whatever is keeping them in here, it's not man-made... #TheLastHouse premieres August 7",2026-08-03T18:01:00Z,43782,678,35.0
Netflix,oX1M-RVEDgw,Celebrating Netflix's 2026 Emmy® Nominees,2026-08-03T16:00:00Z,27426,863,47.0
Netflix,XJVCho_V8j8,Our favorite Pogues are gathering around the bonfire one. last. time. 🤙 ☀️,2026-08-03T15:00:00Z,58143,3916,51.0
Netflix,auCjj1H-oeY,this is your reminder to take highlighter breaks. DON'T SAY GOOD LUCK premieres August 14,2026-08-01T17:00:00Z,65647,1531,49.0
Netflix,egDIZOO2u5U,My Life with the Walter Boys returns in 1 week!!,2026-07-30T19:00:00Z,134451,4785,70.0
Netflix,vBMdrK69iKo,"Storm On Sesame Street, a new special, is coming to Netflix and PBS KIDS on Monday, August 3.",2026-07-30T17:00:00Z,42765,1167,0.0
Netflix,ZEK-j7OpIpI,Earle Meets World | Official Teaser | Netflix,2026-07-30T16:00:00Z,70531,537,136.0
Netflix,7_LOFaPmVDg,Conversations with a Killer: The Charles Manson Tapes | Official Trailer | Netflix,2026-07-30T15:30:00Z,103767,2363,287.0
Netflix,H6RXVb_J5J4,Leanne | Season 2 Official Trailer | Netflix,2026-07-30T15:00:00Z,117016,2103,87.0
Netflix,6N-LumxGSS4,Ricky Gervais Alley Cats | Sneak Peek | Netflix,2026-07-30T09:00:00Z,135183,1278,782.0
Netflix,9pdib0LKCCY,Here the Whole Time launches globally on Netflix on August 19th,2026-07-29T19:00:00Z,36200,894,35.0
Netflix,GWTyoY_61MM,Freefall: A Reckoning for Boeing uncovers startling new revelations. Premieres August 19,2026-07-29T18:00:00Z,46031,1665,17.0
Netflix,nfhKiNOLDQ4,"DON'T SAY GOOD LUCK premieres August 14, only on Netflix",2026-07-29T15:00:00Z,191990,3498,82.0
Netflix,lb3fvMJMadk,Outer Banks: Season 5 | Official Trailer | Netflix,2026-07-29T14:00:00Z,2223372,54392,2415.0
Netflix,mFeZOoH5DiA,"Josh Hartnett stars in the suspenseful new thriller BELOW, premiering October 8th.",2026-07-29T13:00:00Z,47666,990,33.0
Netflix,r1fg9LfsMxY,A long way to say that the Outer Banks season 5 trailer comes out tomorrow! #netflix,2026-07-28T18:00:00Z,223668,7164,140.0
Netflix,OXf_LjZmsfA,"Mark your calendars. Tyler Perry's Beauty in Black Season 3 COMING SOON, only on Netflix.",2026-07-28T17:00:00Z,51055,888,33.0
Netflix,gH3fL9cMvuM,BELOW | Official Teaser | Netflix,2026-07-28T16:00:00Z,3130191,31074,2288.0
Netflix,r6fTAdFaGmg,Below | Pré-bande-annonce officielle | Netflix,2026-07-28T16:00:00Z,820,18,1.0
Netflix,7ZDSYBkcH2U,Freefall: A Reckoning for Boeing | Official Trailer | Netflix,2026-07-28T15:00:00Z,494202,9638,682.0
Netflix,e26vQ3ddHRE,MOURINHO | Official Trailer | Netflix,2026-07-28T07:00:00Z,1869213,60417,2514.0
Netflix,ph2vqxFAYDA,locked our kings in @Brittany_Broski  medieval basement ❤️,2026-07-24T19:00:32Z,55605,994,23.0
Netflix,99yJ3s7_BI4,that Bellarie reign just won't let up! SEASON 4 of Beauty In Black is officially in the works!!,2026-07-23T21:00:33Z,39918,547,18.0
Netflix,dVqwmgUDiS0,MLB at Field of Dreams | Official Trailer | Netflix,2026-07-23T17:00:00Z,185509,2873,229.0
Netflix,1lGZSnSht8s,Tires: Season 3 | Official Trailer | Netflix,2026-07-23T16:00:00Z,1039735,23526,1620.0
Netflix,bvWqHSFkO5s,Don’t Say Good Luck | Sunny Sandler | Official Trailer | Netflix,2026-07-23T15:00:00Z,3043651,13422,726.0
Netflix,qQsZLuN2-gg,"LET'S MARRY HARRY premieres Aug 5, with the finale on Aug 12 💍",2026-07-23T14:00:40Z,36116,887,31.0
Netflix,TYA8xtRP7Hk,Ransom Canyon | Season 1 Recap | Netflix,2026-07-22T19:00:00Z,85842,868,56.0
Netflix,nsAuYuhHrYk,Let's Marry Harry | Official Trailer | Netflix,2026-07-22T16:30:00Z,86296,852,217.0
Netflix,7sGkQM6TyQU,Big Chicken: A Fast Food Conspiracy | Official Trailer | Netflix,2026-07-22T09:00:00Z,242854,3984,505.0
Netflix,H-OTWS_5gIQ,There can only be one Hawk. THE HAWK is now playing on Netflix!,2026-07-20T21:00:12Z,48246,570,28.0
Netflix,WoPbcfUmMYw,My Brilliant Career | Official Trailer | Netflix,2026-07-20T20:00:00Z,762268,8257,375.0
Netflix,03UccdKfYHo,WWE: Unreal: Season 3 | Sneak Peek | Netflix,2026-07-20T17:00:00Z,436549,3583,144.0
Netflix,NfcWSGZdnAs,LEGO ONE PIECE | Official Teaser Trailer | Netflix,2026-07-20T16:00:00Z,189027,5481,0.0
Netflix,m6mWNt_pnFY,"The FIFA & Netflix Couch Cup LIVE | Cast of Avatar: The Last Airbender , One Piece, & More | Netflix",2026-07-18T21:28:52Z,892678,1319,50.0
Netflix,crJp1FbnC-M,Jacob Romero really made mom proud 🏆 ⚽ Congrats to our FIFA and Netflix #CouchCup winner!,2026-07-18T21:07:56Z,41506,477,8.0
Netflix,qWIwxta3xss,bad habits with the cast of 72 HOURS #Netflix,2026-07-18T14:00:10Z,48563,928,24.0
Netflix,5njn-_ySY5w,"The deadliest killers can’t be silenced. Watch The Whisper Man on August 28, only on Netflix",2026-07-18T13:00:29Z,47395,1708,20.0
Netflix,xfG3Q9reHBg,"Starring Nam Joo-hyuk, Roh Yoon-seo, and Cho Seung-woo. THE EAST PALACE is now playing.",2026-07-18T12:00:28Z,57633,1247,15.0
Netflix,F7iKrcc5L3M,One Hundred Years of Solitude: Part Two | Official Trailer | Netflix,2026-07-17T12:00:00Z,260320,2195,130.0
Netflix,Y89AfGiCCAE,Kevin Hart Meets the Bachelor Party Crew | 72 Hours | Sneak Peek | Netflix,2026-07-16T20:00:00Z,77940,1047,55.0
Netflix,8jGt85OEkwQ,"The Idaho Murders: College Nightmare, premieres July 29, on Netflix.",2026-07-16T16:00:14Z,59453,2022,47.0
Netflix,lxe2057ToGI,THE HAWK HAS LANDED. NOW PLAYING ON NETFLIX,2026-07-16T15:00:21Z,38334,459,33.0
Netflix,eiNIkWcC4v0,10 YEARS AGO TODAY #StrangerThings,2026-07-16T01:00:06Z,104410,5784,126.0
Netflix,xK3uBX4z2C4,visor ✔️ gloves ✔️ chardonnay ✔️,2026-07-15T19:00:02Z,38398,613,7.0
Netflix,OrUb7JYjAk8,The Idaho Murders: College Nightmare | Official Trailer | Netflix,2026-07-15T19:00:00Z,528104,7951,1262.0
Netflix,QNvjTDLDTX0,Bill Maher: The Kennedy Center Mark Twain Prize for American Humor | Official Trailer | Netflix,2026-07-15T18:00:00Z,48876,707,267.0
Netflix,rIHMxDFfPSo,Nick DiGiovanni and Nick's Kitchen Announcement,2026-07-15T16:00:17Z,49724,1022,28.0
Netflix,8bggMB_AzEY,A Child of My Own | Official Trailer | Netflix,2026-07-15T15:00:00Z,306028,4005,209.0
Netflix,_nneiDtbdbk,My Life With the Walter Boys: Season 3 | Official Trailer | Netflix,2026-07-15T13:00:01Z,771688,17051,1035.0
Netflix,E2z6ZRgEe4Q,Season 3 trailer for My Life with the Walter Boys drops TOMORROW!,2026-07-14T17:00:22Z,397544,15712,178.0
Netflix,fZyYpd4N9cg,The Ultimatum: Marry or Move On: Season 4 | Sneak Peek | Netflix,2026-07-14T16:00:00Z,24043,462,42.0
Netflix,ZHRR-1CKYIQ,The Whisper Man | Official Trailer | Netflix,2026-07-14T13:00:00Z,764690,12211,703.0
Netflix,u3AqZnc-lJY,Watch The Hawk cast tackle the wings of death. Now on Netflix.,2026-07-14T03:30:05Z,31321,516,10.0
Netflix,3McWorwiPIE,JORDAN WALKER HOME RUN DERBY WINNER #HRDerby,2026-07-14T02:49:25Z,61765,858,64.0
Netflix,OY0RMpD4Km0,This slo-mo of Kyle Schwarber is a masterpiece 🔥 #Netflix #MLBHomeRunDerby #HRDerby,2026-07-14T02:21:35Z,39951,343,9.0
Netflix,RXOhPaliseI,Jordan Walker punches his ticket to the final #MLBHomeRunDerby #HRDerby,2026-07-14T02:11:29Z,57007,437,19.0
Netflix,aH64fmnvHUM,First upper-deck home run from Jac Caglianone at the #MLBHomeRunDerby #HRDerby,2026-07-14T01:09:13Z,49538,416,6.0
Netflix,2sXMO2FRFsI,Everyone’s practicing their best home run call on Sesame Street ahead of the Home Run Derby ⚾️,2026-07-13T20:00:14Z,53955,969,0.0
Netflix,yNn9b0hZHRM,Quarterback: Season 3 | Sneak Peek | Netflix,2026-07-13T19:00:00Z,28041,608,29.0
Netflix,Uo6f2E1urZs,Millie Bobby Brown joins this week's episode of On Purpose with Jay Shetty! #MillieBobbyBrown,2026-07-13T17:00:01Z,59596,1037,18.0
Netflix,jegXAXFegho,All the Truth in My Lies | Official Trailer | Netflix,2026-07-13T12:00:00Z,66709,873,38.0
Netflix,23vO8LUgjfM,MOURINHO | First Look | Netflix,2026-07-13T06:00:00Z,142007,2710,109.0
Netflix,jH8qM4uJP9I,Putting baseball bats into Netflix scenes because Home Run Derby ⚾,2026-07-12T17:00:19Z,42762,778,17.0
Netflix,x5fXTHnj-hc,"Nam Joo-hyuk, Roh Yoon-seo, and Cho Seung-woo invite you to The East Palace #Netflix",2026-07-10T12:00:15Z,110452,3506,78.0
Netflix,lZXyOes75ms,On Purpose with Jay Shetty | Podcast Official Trailer | Netflix,2026-07-09T17:00:00Z,34574,425,75.0
Netflix,YB1Ikd9sk00,Stokes Twins! | Official Trailer | Netflix,2026-07-09T16:00:00Z,123925,1732,195.0
Netflix,aOY7HTQlsSo,The Gentlemen: Season 2 | Official Teaser | Netflix,2026-07-09T15:00:01Z,2967352,53321,2127.0
Netflix,t_QUYXwkwss,Tyler Perry’s Why Did I Get Married Again? | Official Teaser | Netflix,2026-07-09T12:00:00Z,937888,26441,2481.0
Netflix,iaKzZkXLrrc,Death Inc. | Official Trailer | Netflix,2026-07-09T09:00:00Z,43350,652,36.0
Netflix,I5l1SZyX1Qs,time to go back to the prairie! #LittleHouseOnThePrairie premieres tomorrow!,2026-07-08T22:00:17Z,86663,1327,41.0
Netflix,T8FbbRk05IM,"Home runs are coming 👀 The T‑Mobile Home Run Derby is LIVE on Netflix — Monday, July 13",2026-07-08T21:00:30Z,69015,1235,28.0
Netflix,KiKnd3cusPo,Elize: Shadows of a Woman | Official Trailer | Netflix,2026-07-08T13:30:00Z,412723,2419,222.0
Netflix,qD6QltsNh7o,2026 T-Mobile Home Run Derby | Official Teaser | Netflix,2026-07-07T18:00:00Z,29017,460,32.0
Netflix,jqAAD_0oPvg,"8 Netflix Stars, 1 Champion | The FIFA & Netflix Couch Cup | ANNOUNCEMENT | Netflix",2026-07-07T16:00:00Z,164409,243,29.0
Netflix,6uVDJtURIsM,Hot Ones: Extra Heat | Sneak Peek | Netflix,2026-07-07T15:00:00Z,31130,456,43.0
Netflix,CfjAUfv6F6o,The Final Problem | Date Announcement | Netflix,2026-07-07T13:00:00Z,27124,670,39.0
Netflix,oCg2wXznjLo,Love in Slow Motion | Official Trailer | Netflix,2026-07-07T08:00:00Z,168720,915,52.0
Netflix,K_lT6Fa5HyU,WWE: Unreal: Season 3 | Official Trailer | Netflix,2026-07-06T18:00:00Z,192078,5777,339.0
Netflix,43qoWFJbWF0,STEEL BALL RUN JoJo's Bizarre Adventure 2nd STAGE | Official Trailer | Netflix,2026-07-03T23:00:01Z,979744,44380,3106.0
Netflix,2dQw6luieLE,Little House on the Prairie | Meet The Ingalls | Netflix,2026-07-02T20:00:00Z,165429,2193,359.0
Netflix,7JfJDeFeflA,Enola Holmes 3 is only and now playing on Netflix,2026-07-01T14:00:13Z,812167,25546,373.0
Netflix,wBUkNE1l9DU,The East Palace | Official Trailer | Netflix,2026-07-01T00:00:01Z,521400,7547,472.0
Netflix,oTSvnmTfLj8,Wonka's The Golden Ticket | Official Teaser | Netflix,2026-06-30T16:00:00Z,556644,14702,1150.0
Netflix,KTbC8ZnMfPA,NEMESIS RENEWED FOR SEASON 2!,2026-06-30T15:00:30Z,54571,1089,47.0
Netflix,B-140J2f8hg,Millie Bobby Brown and Elmo talk about the mysteries of growing up #SesameStreet,2026-06-29T17:00:19Z,59972,3007,0.0
Netflix,5PJbRJIcWKg,The Ultimatum: Marry or Move On: Season 4 | Official Trailer | Netflix,2026-06-29T16:00:00Z,66145,721,106.0
Netflix,QBlPg818lGI,Cyberpunk: Edgerunners 2 | Official Teaser #2 | Netflix,2026-06-29T15:30:00Z,3828059,216175,8507.0
Netflix,9k9SYlMy9qs,A Toxic Love Story | Official Trailer | Netflix,2026-06-29T15:00:00Z,700701,8556,750.0
Netflix,5fYWCkoDSeU,The Bombing of Pan Am 103 | Official Trailer | Netflix,2026-06-29T12:30:00Z,599299,7380,466.0
Netflix,Mgcu7233OBM,can these fans solve the case of the Enola Holmes 3 premiere? #Netflix #EnolaHolmes,2026-06-28T17:00:19Z,364218,22041,179.0
Netflix,OwYFO5kmHbU,The Doll | Official Trailer | Netflix,2026-06-27T08:00:00Z,259243,2994,132.0
Netflix,w6rW8d6x5bE,Is that...THE GREATEST EARTHBENDER IN THE WORLD?!?!? #AvatarTheLastAirbender #Netflix #Toph,2026-06-26T19:00:34Z,74848,1271,43.0
Netflix,SPWjOdIj1Gk,John Cena and Eric André's new comedy Little Brother is now playing. #Netflix,2026-06-26T16:00:23Z,43999,637,22.0
Netflix,lRaGtDE35KM,The vast world of Avatar: The Last Airbender,2026-06-26T14:30:29Z,57219,1038,32.0
Netflix,g4qSaXDIyLg,Kaulitz & Kaulitz: Season 3 | Official Trailer | Netflix,2026-06-26T13:00:00Z,34280,655,48.0
Netflix,2XKyPE92owY,Ransom Canyon: Season 2 | Official Trailer | Netflix,2026-06-25T16:00:06Z,534669,5605,299.0
Netflix,LtK3kHAR63E,Mary Beth Barone: Galaxy Brain | Official Trailer | Netflix,2026-06-25T15:00:00Z,40293,677,59.0
Netflix,sSRJ6PXHx88,The Hawk | Official Trailer | Netflix,2026-06-25T13:00:04Z,850526,6882,789.0
Netflix,Q6gx1QdkUJo,Blood Sacrifice | Date Announcement | Netflix,2026-06-25T07:30:00Z,37447,478,16.0
Netflix,2DMInDArNAg,Only 6 hours until AVATAR: THE LAST AIRBENDER Season 2 #Netflix #Shorts #AvatarTheLastAirbender,2026-06-25T01:00:23Z,170246,6500,131.0
Netflix,Law7SMXtjkQ,My Life with the Walter Boys Season 3 drops August 6th—here is your first look! ✨,2026-06-24T20:00:20Z,134540,2881,100.0
Netflix,rydp5C5QsPQ,Quarterback: Season 3 | Official Trailer | Netflix,2026-06-24T15:00:00Z,330862,5888,425.0
Netflix,iz3m_28xIIM,Avatar: The Last Airbender | Sneak Peek: Season 2 Opening Sequence | Netflix,2026-06-24T14:07:46Z,1502151,21431,1301.0
Netflix,3Gmo0EXHyKg,THE ONE PIECE | Official Teaser | Netflix,2026-06-24T13:00:00Z,3692916,127191,9262.0
Netflix,KqXEcl4Whj4,Sakamoto Days | Season 2 Teaser Trailer | Netflix,2026-06-24T00:00:00Z,506538,18866,759.0
Netflix,E8IEBEP6Y68,2026 T-Mobile Home Run Derby | Official Trailer | Netflix,2026-06-23T14:00:00Z,35436,592,32.0
Netflix,KVDTRHqL_1s,#EricAndre is the heel #JohnCena never saw coming. #LittleBrother premieres June 26.,2026-06-23T12:00:15Z,39787,2080,32.0
Netflix,oVg6s5VoF74,Hot Ones: Extra Heat premieres July 13 #Netflix,2026-06-22T19:30:30Z,85748,2443,73.0
Netflix,Va83MtpbUto,Netflix Playground | Official Trailer | Netflix,2026-06-22T17:00:00Z,117435,2102,188.0
Netflix,mEfe4T6R6Z0,The American Experiment | Sneak Peek | Netflix,2026-06-22T16:30:00Z,144799,2483,506.0
Netflix,IQ_4HFA7YGQ,Long Live Imagination | Netflix,2026-06-22T16:00:00Z,21985,575,25.0
Netflix,aIkRFKsoOiM,Ricky Gervais' Alley Cats | Official Trailer | Netflix,2026-06-22T13:00:00Z,924106,22033,2307.0
Netflix,13KcF6XOkyc,#KyleCooke and #EricAndré behind the decks at the NYC premiere of #LittleBrother,2026-06-19T20:30:06Z,29992,443,15.0
Netflix,YktbbasC_ng,Millie Bobby Brown and Louis Partridge recap Enola Holmes #EnolaHolmes3,2026-06-19T16:00:00Z,361089,17160,159.0
Netflix,clK538rTLNU,A peek behind the scenes of ENOLA HOLMES 3 premiering July 1,2026-06-18T16:00:12Z,589197,34016,234.0
Netflix,xg2tN3dI_Yg,Outer Banks: Season 5 | Official Teaser | Netflix,2026-06-18T15:00:00Z,1886910,48709,2554.0
Netflix,89dugTvBEWw,23 000 Lives | Official Trailer | Netflix,2026-06-18T09:00:00Z,369835,3305,521.0
Netflix,5YvzStBaays,The Amazing Digital Circus Finale | Official Trailer | Netflix,2026-06-18T01:00:00Z,1612890,65277,4331.0
Netflix,-0E39zVbEZc,The East Palace | Official Teaser | Netflix,2026-06-18T00:00:00Z,394545,7399,409.0
Netflix,vzVDJjVbjMo,Survival of the Thickest: The Final Season | Official Trailer | Netflix,2026-06-17T14:00:00Z,85703,2404,113.0
Netflix,hk-byPC1lsI,"Check out a sneak peek at AVATAR: THE LAST AIRBENDER Season 2, premiering June 25!",2026-06-17T12:00:36Z,870186,17634,401.0
Netflix,pEk2SX79erE,Kim Kardashian teaching Lonnie Hawkins how to use Instagram is... iconic.,2026-06-16T19:00:01Z,37701,638,24.0
Netflix,m9cI4fdJ2FM,Get ready for another trip... The Four Seasons is coming back for a Season 3!,2026-06-16T18:00:17Z,30166,494,8.0
Netflix,locuQ-skySE,Heartstopper Forever | Official Trailer | Netflix,2026-06-16T16:00:02Z,1002646,57693,3198.0
Netflix,UaLBYs9l8Vs,Louis C.K.: Ridiculous | Official Trailer | Netflix,2026-06-16T15:00:00Z,126159,2242,601.0
Netflix,jPEmz5sBjwM,Color Book | Official Trailer | Netflix,2026-06-16T14:00:00Z,87710,2788,165.0
Netflix,IvL0oT13djs,The Truthers | Official Trailer | Netflix,2026-06-16T08:00:01Z,185447,1390,73.0
Netflix,ZOQo6qPlbek,The voicemail that started it all. #VoicemailsforIsabelle premieres June 19,2026-06-15T18:30:38Z,29813,619,21.0
Netflix,0IN0dulzxhI,America's Sweethearts: Dallas Cowboys Cheerleaders | Season 3 Sneak Peek | Netflix,2026-06-15T18:00:00Z,51400,660,88.0
Netflix,MgUZs8tKs9c,Earthbending 101 with Toph Beifong aka Miyako #AvatarTheLastAirbender #Shorts #Netflix #Toph,2026-06-15T15:00:12Z,469750,25062,402.0
Netflix,MLxgaz2Zp1k,The Last House | Greta Lee and Wagner Moura | Official Trailer | Netflix,2026-06-15T13:00:00Z,4022787,61142,4126.0
Netflix,Rvj5J6eQYFo,Love is Blind: UK - After the Altar | Official Trailer | Netflix,2026-06-15T08:00:00Z,100718,1448,114.0
Netflix,9h620asn9wg,Another Self: Season 3 | Official Trailer | Netflix,2026-06-15T07:00:00Z,89344,785,40.0
Netflix,Ia_cAr_IM54,Inside the Trustor Scandal | Official Clip | Netflix,2026-06-12T07:00:00Z,63557,641,63.0
Netflix,pvpgyLHL3l8,Avatar: The Last Airbender | Audio Described Season 1 Recap | Netflix,2026-06-11T18:00:03Z,245888,1907,56.0
Netflix,6uyXiN6JH6Q,Avatar: The Last Airbender | Season 1 Recap | Netflix,2026-06-11T18:00:00Z,268140,2924,144.0
Netflix,jSds4Oi83Eg,Little House on the Prairie | Official Trailer | Netflix,2026-06-11T15:00:03Z,903434,11710,2938.0
Netflix,W20YAjAtDnc,Worst Neighbor Ever | Official Trailer | Netflix,2026-06-10T17:00:00Z,259407,4342,410.0
Netflix,qpXDZA7f3N4,The Map of Longing | Official Trailer | Netflix,2026-06-10T10:00:00Z,204016,2586,40.0
Netflix,_69hNcNJzgI,Outlast: The Jungle | Sneak Peek | Netflix,2026-06-09T15:00:00Z,86605,725,101.0
Netflix,_Xz7HelYw2Q,Case closed! A Good Girl’s Guide to Murder will return for Season 3 ❤️,2026-06-09T14:00:04Z,80261,2703,86.0
Netflix,n_pEJjq-9xQ,Enola Holmes 3 | Official Trailer | Netflix,2026-06-09T12:00:01Z,3241130,72600,2079.0
Netflix,KM9XnXblZjk,The American Experiment | Official Trailer | Netflix,2026-06-08T15:30:00Z,404985,7434,1393.0
Netflix,-p7w41B1RjQ,Scooby-Doo Reveal #netflix,2026-06-08T14:00:01Z,206390,6094,249.0
Netflix,ETyxYeqeW9Y,Miyako as Toph Beifong 🪨 AVATAR: THE LAST AIRBENDER Sn 2 premieres June 25! #Netflix #Shorts,2026-06-06T20:00:08Z,640387,15328,320.0
Netflix,Lq9CyML-7Vs,Avatar: The Last Airbender: Season 2 | Meet Toph | Netflix,2026-06-06T18:30:00Z,2968032,62509,4800.0
Netflix,uQ8d_96AurQ,Avatar: The Last Airbender: Season 2 | Audio Described Meet Toph | Netflix,2026-06-06T18:30:00Z,108117,1640,126.0
Netflix,0mwreY8Z2J0,what can’t she do?? Office Romance is now playing,2026-06-05T16:00:14Z,91115,1353,51.0
Netflix,kQv-xpTRaRc,Jennifer Lopez and Edward James Olmos reunite in OFFICE ROMANCE premiering tomorrow,2026-06-04T15:00:32Z,65265,909,28.0
Netflix,qN_AE0LPthA,Chris & Martina: The Final Set | Official Trailer | Netflix,2026-06-03T14:30:00Z,279120,3478,263.0
Netflix,PQ0DS3oyWUE,Oasis | Official Trailer | Netflix,2026-06-03T13:00:00Z,325787,2114,102.0
Netflix,0OaGiiL3G8I,The Rest Is Football | Official Trailer | Netflix,2026-06-03T09:00:00Z,44414,834,52.0
Netflix,0NWHhWdkqEM,America's Sweethearts: Dallas Cowboys Cheerleaders | Season 3 Official Trailer | Netflix,2026-06-02T16:00:00Z,256583,3466,211.0
Netflix,WRbcHKRB8Fw,Tony Hinchcliffe: Man of the People | Sneak Peek | Netflix,2026-06-02T15:00:00Z,53910,680,491.0
Netflix,mObRUsA7dPY,I Will Find You | Official Trailer | Netflix,2026-06-01T14:00:01Z,1754899,12427,961.0
Netflix,pZChOAyf-RE,Tracy Morgan praises Eddie Murphy in AFI Life Achievement Award: A Tribute to Eddie Murphy,2026-05-31T14:00:30Z,165126,3023,73.0
Netflix,vnN612JaptM,talking to your crush is an olympic sport. OFFICE ROMANCE premieres June 5,2026-05-29T18:30:31Z,111036,1550,40.0
Netflix,pWgJNIehQ7k,AFI Life Achievement Award: A Tribute to Eddie Murphy | Martin Lawrence | Sneak Peek | Netflix,2026-05-29T16:30:00Z,257883,5877,369.0
Netflix,fxTUc20-GIM,A Different World | Official Teaser | Netflix,2026-05-29T15:00:00Z,224073,5269,729.0
Netflix,e3n_g-wy4gQ,Physical 100: Italy | Official Trailer | Netflix,2026-05-29T10:00:00Z,78096,1587,138.0
Netflix,yUrwmYdWz2s,Mike Myers went full Shrek at the AFI Life Achievement Award: A Tribute to Eddie Murphy.,2026-05-28T18:00:29Z,114110,2134,28.0
Netflix,diRwnGRr-Ko,I Am Frankelda | Official Trailer | Netflix,2026-05-28T15:00:00Z,596226,29576,1213.0
Netflix,cXA3Zgsky18,In the Hand of Dante | Official Trailer | Netflix,2026-05-28T14:00:00Z,1994126,44186,5533.0
Netflix,reK5gYJPDBM,Brazil ‘70: The Third Star | Sneak Peek | Netflix,2026-05-27T16:30:00Z,24094,661,35.0
Netflix,g1fq327snPU,Enola Holmes 3 | Official Teaser | Netflix,2026-05-27T12:00:00Z,3176117,83149,2368.0
Netflix,z77qp-27D_M,Calabasas Confidential | Official Trailer #2 | Netflix,2026-05-26T17:00:00Z,78806,843,102.0
Netflix,etaJr-Mf0ME,AFI Life Achievement Award: A Tribute to Eddie Murphy | Sneak Peek | Netflix,2026-05-26T15:30:00Z,45593,844,86.0
Netflix,Z8pes4PRAUQ,Norway: The Dark Horse | Official Trailer | Netflix,2026-05-26T07:00:00Z,105960,1725,67.0
Netflix,161b4xLkokE,The Marked Woman | Official Trailer | Netflix,2026-05-25T10:00:00Z,392445,2263,78.0
Netflix,JNSUtGlhHKU,Millie Bobby Brown and Louis Partridge crack the case of the Enola Holmes 3 trailer drop date,2026-05-24T17:22:21Z,1329281,65981,532.0
Netflix,HmvHY3IK1UA,Avatar: The Last Airbender Cast Recaps Season 1 with a Game of Two Truths & A Lie | Netflix,2026-05-24T17:00:00Z,239778,3781,232.0
Netflix,_l1vDm14sLQ,"Tip for meeting the boss, don't make it weird. Office Romance premieres June 5th #Netflix",2026-05-22T13:00:36Z,112520,1404,85.0
Netflix,aQL3vWVC0jE,See U in Hell | Devil May Cry: Season 2 | Official Video | Netflix,2026-05-21T16:00:05Z,1096940,49437,1738.0
Netflix,91ung0bfqjc,"Same city, final chapter. merci, Paris. 💋 #EmilyInParis",2026-05-21T15:15:24Z,73574,1140,38.0
Netflix,cTW78JSBoyw,Untold UK: Vinnie Jones | Official Trailer | Netflix,2026-05-21T15:00:00Z,110903,1400,133.0
Netflix,M_Las484swM,Avatar: The Last Airbender: Season 2 | Official Trailer | Netflix,2026-05-21T13:00:04Z,2970787,73601,5758.0
Netflix,PJtfS84s8Bs,Avatar: The Last Airbender: Season 2 | Audio Described Official Trailer | Netflix,2026-05-21T13:00:02Z,111321,2026,152.0
Netflix,mUywzukSEWU,7 days A Good Girl's Guide to Murder: Season 2,2026-05-20T19:00:09Z,83207,1878,42.0
Netflix,rcp-j0StBR0,Michael Jackson: The Verdict | Official Trailer | Netflix,2026-05-20T17:00:00Z,766433,12411,12362.0
Netflix,5WCBnc4PQvI,Welcome to the Boroughs | Official Commercial | Netflix,2026-05-20T16:00:00Z,49918,828,41.0
Netflix,D2Y-KW4Q7iw,AVATAR: THE LAST AIRBENDER S2 TRAILER TOMORROW💥🪨 #Netflix #Shorts #AvatarTheLastAirbender,2026-05-20T13:00:07Z,52695,1512,44.0
Netflix,IQrJPP9cEHQ,One Hundred Years of Solitude: Part Two | Official Teaser | Netflix,2026-05-20T12:30:00Z,112825,1407,70.0
Netflix,bWtrFcerKE0,Little Brother | Official Trailer | Netflix,2026-05-20T12:00:00Z,1764213,28051,1285.0
Netflix,fzW61JgRbNk,Maternal Instinct | Official Trailer | Netflix,2026-05-20T11:00:00Z,842165,6408,975.0
Netflix,VGzqkAB_-hQ,Perfect Match: Season 4 | Sneak Peek | Netflix,2026-05-19T17:00:00Z,36530,429,51.0
Netflix,9mi3YVYm3ZU,Voicemails for Isabelle | Official Trailer | Netflix,2026-05-19T16:10:00Z,2523839,36814,1184.0
Netflix,tQ31ScZSYFQ,Rafa | Official Trailer | Netflix,2026-05-19T15:00:01Z,776931,14725,725.0
Netflix,5C8yGUQ7gww,Welcome to The Boroughs | Netflix,2026-05-18T15:00:00Z,116033,2058,146.0
Netflix,BVgAS9bkfCg,RONDA ROUSEY DEFEATS GINA CARANO VIA ARMBAR SUBMISSION IN ROUND ONE #RouseyCarano,2026-05-17T04:35:06Z,453269,4678,737.0
Netflix,fBQg90ZzMFI,ROUSEY AND CARANO ARE HERE #rouseycarano,2026-05-17T04:09:24Z,52767,634,64.0
Netflix,WTpU1D6P8Gk,MIKE PERRY DEFEATS NATE DIAZ IN THE 2ND ROUND #RouseyCarano,2026-05-17T03:38:20Z,171849,2112,166.0
Netflix,LbPf9ACTz7g,FRANCIS NGANNOU KO IN ROUND 1 #RouseyCarano,2026-05-17T02:45:52Z,422714,3827,175.0
Netflix,Vw9zgL0VH0w,RONDA ROUSEY AND GINA CARANO FACE OFF #RouseyCarano,2026-05-15T03:19:13Z,184135,2338,172.0
Netflix,Dy6qLO9EmBQ,Bad Thoughts: Season 2 | Official Trailer | Netflix,2026-05-14T17:30:00Z,170233,2362,215.0
Netflix,EnvBoDKSNKg,Outlast: The Jungle | Official Trailer | Netflix,2026-05-14T16:30:00Z,207555,1450,569.0
Warner Bros.,z26iyyjY-H0,Piping hot tea 🤝 Salt rim margs. 🍋‍🟩🥥#PracticalMagic2,2026-08-19T17:03:09Z,1316,58,0.0
Warner Bros.,RyudJc_xzOo,Trust the process. ☕#PracticalMagic2,2026-08-19T16:46:16Z,2572,71,1.0
Warner Bros.,PaxCyyEp59M,Dune: Part Three | Dune Insider Screenings | Tickets on Sale,2026-08-18T16:00:22Z,454596,15635,878.0
Warner Bros.,t6lEtLIVSZA,"Diggin’ in, one stop at a time. DIGGER – only in theaters October 2.",2026-08-18T15:01:14Z,10108,261,11.0
Warner Bros.,gBjcR8FdFc4,"Pure fun, from start to finish. Get tickets now to The End of Oak Street, NOW PLAYING.",2026-08-17T20:00:30Z,9759,305,20.0
Warner Bros.,hdNFWikdF-w,"""Anne Hathaway is so damn good in this!"" Experience The End of Oak Street, now playing.",2026-08-16T16:00:38Z,12068,390,8.0
Warner Bros.,Qm9g37jsZ0Q,"The whole neighborhood is Certified Fresh. Get tickets now to The End of Oak Street, NOW PLAYING.",2026-08-16T14:00:19Z,12447,373,5.0
Warner Bros.,L1qEMLnBMAE,Spend your weekend on Oak Street with the dinosaurs. The End of Oak Street is NOW PLAYING.,2026-08-15T19:00:11Z,12293,301,14.0
Warner Bros.,0NEHAbSLBVw,"Oak Street is bringing the thrills. Get tickets now to The End of Oak Street, NOW PLAYING.",2026-08-15T16:00:13Z,8738,354,8.0
Warner Bros.,cwITbrXiLAM,"The End of Oak Street | ""The Most Thrilling Dinosaur Movie in Ages"" | NOW PLAYING",2026-08-15T15:13:54Z,3433818,561,74.0
Warner Bros.,Kr8gtIDnZhY,"“Made for a weekend at the movies with friends and family."" The End of Oak Street is NOW PLAYING.",2026-08-15T14:00:11Z,17853,502,20.0
Warner Bros.,_12-QXydx1k,“The most thrilling dinosaur movie in ages.”,2026-08-14T23:01:57Z,29091,781,53.0
Warner Bros.,nwG9h74H7M8,"Family vs. Dinosaurs… Bring it on. Get tickets now to The End of Oak Street, NOW PLAYING.",2026-08-14T22:00:11Z,9528,432,17.0
Warner Bros.,M3z36kOlv8A,"Edge of your seat thrills from start to finish. Get tickets now to The End of Oak Street,NOW PLAYING",2026-08-14T21:00:27Z,13406,244,10.0
Warner Bros.,3qTF4cFAnGg,"The best time at the movies is one bite away. Get your tickets to The End of Oak Street, NOW PLAYING",2026-08-14T20:00:00Z,12866,300,11.0
Warner Bros.,QIhLTlEr470,Experience why audiences are roaring about The End of Oak Street. 🦖 Now playing in IMAX.,2026-08-14T19:00:06Z,44543,792,29.0
Warner Bros.,fSZiGFFfcM0,The End of Oak Street is NOW PLAYING only in theaters and IMAX. Get tickets now!,2026-08-14T17:10:34Z,11029,278,9.0
Warner Bros.,C8afYpqY8T4,"The end of summer starts on Oak Street. Get your tickets to The End of Oak Street, NOW PLAYING.",2026-08-14T16:00:39Z,15490,399,21.0
Warner Bros.,PRKyH08RH8s,"The End of Oak Street | ""Perfect Movie to End the Summer"" | NOW PLAYING",2026-08-14T15:02:10Z,5121535,519,44.0
Warner Bros.,1bRLi6ypwXM,"🦖 x 🍿. Only available on Oak Street, not for purchase. Get tickets now to #EndOfOakStreet.",2026-08-13T23:30:10Z,18760,558,20.0
Warner Bros.,rX_YFyhvEDA,"When fighting dinosaurs, always have the high ground. Don’t miss Ewan McGregor in #EndOfOakStreet.",2026-08-13T23:00:23Z,21460,332,11.0
Warner Bros.,dw-ybIE8smQ,"Oak Street is calling. Get tickets to The End of Oak Street, now playing.",2026-08-13T22:00:34Z,9103,408,26.0
Warner Bros.,-c9W8uLEgS8,Feel every roar. 🦖 The End of Oak Street NOW PLAYING in theatres. Get tickets now.,2026-08-13T20:07:17Z,32635,683,41.0
Warner Bros.,DlFxE-TBums,"Whether earth-rooted or solar-ruled, everyone needs tickets to  #PracticalMagic2",2026-08-13T16:00:17Z,15055,338,6.0
Warner Bros.,Ljm8hLqNpyU,"“It makes you laugh and inch towards the edge of your seat."" #EndofOakStreet #FilmedForIMAX",2026-08-13T15:00:35Z,16249,444,14.0
Warner Bros.,djUGUBMcqJU,"“Worth that watch.” Get tickets now to The End of Oak Street, only in theaters and IMAX this Friday.",2026-08-12T23:35:44Z,22140,486,28.0
Warner Bros.,ySK_BrK4GkU,The perfect way to spend your next family day. Get tickets now to The End of Oak Street.,2026-08-12T20:35:38Z,413223,662,18.0
Warner Bros.,NNVKVal7kh8,Practical Magic 2 | Tickets on Sale,2026-08-12T16:00:21Z,108637,1705,69.0
Warner Bros.,Nkyl_5vNyUw,"And yes, roaring is an acceptable reaction. Get tickets now to The End of Oak Street.",2026-08-11T23:53:35Z,13108,383,20.0
Warner Bros.,hYDvtDdnd4A,"So. Damn. Good. Anne Hathaway stars in The End of Oak Street, only in theaters and IMAX this Friday.",2026-08-11T19:12:47Z,359562,629,20.0
Warner Bros.,cR83r3ublos,"""Pure fun thrills"" 🦖 Tag who you are bringing to see The End of Oak Street.",2026-08-11T18:00:26Z,10173,290,3.0
Warner Bros.,STw9159APWE,The whole neighborhood is roaring. The End of Oak Street is the “perfect movie to end the summer.”,2026-08-11T00:30:15Z,433175,864,25.0
Warner Bros.,hpn1TKHWZ_8,Summer ends on Oak Street. Experience The End of Oak Street.,2026-08-10T23:35:32Z,366284,727,44.0
Warner Bros.,JueV9EbaF88,The roaring’s just begun.,2026-08-10T23:05:57Z,16515,485,16.0
Warner Bros.,hSJSwdbBsyU,A summer block party like no other at last night’s Los Angeles premiere.,2026-08-10T20:21:54Z,7833,577,11.0
Warner Bros.,jfsTPtP6mBM,Get tickets to experience IMAX-sized dinosaurs on the biggest screen. #FilmedForIMAX,2026-08-10T15:00:09Z,15643,342,20.0
Warner Bros.,wPnrs3SUuwo,The End of Oak Street | Experience in IMAX | In Theaters & IMAX FRIDAY,2026-08-10T14:22:32Z,2092707,817,74.0
Warner Bros.,2YsbJt80PCg,They say the grass is greener on the other side. They didn’t mention the dinosaurs.,2026-08-09T16:00:32Z,14090,363,14.0
Warner Bros.,0QVWo4tpowU,The fire rises on Oak Street. 🦇 🦖 Get tickets now for The End of Oak Street.,2026-08-06T22:00:02Z,21320,967,15.0
Warner Bros.,8Ck2xRAEM7s,Go. Go. Go. 🦖The End of Oak Street only in theaters and IMAX August 14. Get tickets now.,2026-08-06T20:00:19Z,53019,711,25.0
Warner Bros.,1u7cyfcRtuo,Tag who you are bringing to Oak Street. Get tickets now for The End of Oak Street.,2026-08-06T17:59:59Z,25154,371,8.0
Warner Bros.,9ADKQIAWj_Q,Dinosaurs have moved in. 🦖 The End of Oak Street only in theaters and IMAX August 14.,2026-08-06T17:35:48Z,42778,782,31.0
Warner Bros.,BPQuuJRxwqs,Home is where the dinosaurs are. Get tickets now for The End of Oak Street.,2026-08-06T16:00:24Z,15857,637,18.0
Warner Bros.,q0ow6Y5kZ6g,The neighborhood is glitching. Get tickets now for The End of Oak Street.,2026-08-06T14:00:36Z,18086,493,36.0
Warner Bros.,cnpAyxDi2g8,Put up your best d🦖mn fight. The End of Oak Street in theaters and IMAX August 14.,2026-08-05T19:00:07Z,24429,449,16.0
Warner Bros.,EkRUVEfGEe8,Experience IMAX-sized dinosaurs in your neighborhood. Get tickets now for The End of Oak Street.,2026-08-05T16:00:37Z,26969,563,15.0
Warner Bros.,omA3ZJksmOI,Let your family group chat know. The End of Oak Street is only in theaters and IMAX August 14.,2026-08-05T14:00:06Z,12952,286,8.0
Warner Bros.,NEmy6vvmuvg,"You've done it again, Michael Giacchino 👏👏👏 Get tickets now for The End of Oak Street.",2026-08-04T21:30:10Z,7283,161,2.0
Warner Bros.,ciyj_BvQftM,Fight back. 🦖 Get tickets now for The End of Oak Street.,2026-08-04T20:00:38Z,25997,628,17.0
Warner Bros.,viZVbe_sZuE,Dinosaurs come in all shapes and sizes. 🦖🐾 Get tickets now for The End of Oak Street.,2026-08-04T18:00:21Z,25342,1350,32.0
Warner Bros.,imDtMzj0k9Y,Warning: Dinosaurs on Oak Street may cause these reactions. 🦖 Get tickets now for #EndOfOakStreet,2026-08-04T16:00:23Z,184704,648,15.0
Warner Bros.,Jb0g8Yi4HvE,Dinosaurs have moved in 🦖 The End of Oak Street Mission Quest is live on Discord rn.,2026-08-03T17:48:13Z,14741,276,10.0
Warner Bros.,h_n72VI4Lwo,"The End of Oak Street | ""Perfect Summer Movie""",2026-08-03T16:06:18Z,183237,619,11.0
Warner Bros.,QybaU8i1T-o,More like how many. 👀🦖 Get tickets now for The End of Oak Street.,2026-08-02T19:00:11Z,18874,341,3.0
Warner Bros.,4plb6achyxc,Ireland’s got something to roar about. Get tickets now for The End of Oak Street.,2026-08-02T14:00:16Z,19348,316,8.0
Warner Bros.,b2pztR4XWx8,"The End of Oak Street | ""Roar"" | In Theaters & IMAX August 14",2026-08-01T20:28:10Z,6632754,730,53.0
Warner Bros.,pcMS2O8-79I,Who are you bringing to Oak Street?#EndofOakStreet #FilmedForIMAX,2026-08-01T16:00:13Z,18834,395,16.0
Warner Bros.,jMv11ic-zdg,Family doesn’t let family fight dinosaurs alone. 🏹 🔨 🦖  Get tickets now for #EndofOakStreet,2026-07-31T16:00:38Z,16190,419,15.0
Warner Bros.,JVXELeHjZNI,"The End of Oak Street | ""Summer Ends on Oak Street"" | In Theaters & IMAX August 14",2026-07-31T14:23:10Z,7585960,688,39.0
Warner Bros.,e_cjmr7zLR4,"It’s not just Oak Street anymore. 👀  The End of Oak Street, only in cinemas and IMAX August 14.",2026-07-31T14:00:02Z,20454,357,17.0
Warner Bros.,966AUghMHWE,"Same street. New Neighbors. 🦖 Get tickets now for The End of Oak Street, only in theaters August 14.",2026-07-30T16:00:22Z,23708,595,24.0
Warner Bros.,DZpvqmYQx8g,"The End of Oak Street | ""Get Away From Them"" | Film Clip",2026-07-30T15:15:41Z,452070,961,56.0
Warner Bros.,MVotHiD8sN4,"The End of Oak Street | ""Get Tickets"" | In Theaters & IMAX August 14",2026-07-30T15:13:19Z,9828691,728,43.0
Warner Bros.,95tMEci8EXo,Escape the quiet life. Tag who you’re bringing to The End of Oak Street. Get your tickets now.,2026-07-29T19:00:11Z,8754,260,9.0
Warner Bros.,wckBnBFQrGM,"Same neighborhood, new neighbors. 🦖 Get tickets now for The End of Oak Street",2026-07-29T17:00:34Z,33063,768,13.0
Warner Bros.,Pxo0AbcdEn4,"The End of Oak Street | ""Questions"" | In Theaters & IMAX August 14",2026-07-29T14:09:10Z,2148408,718,46.0
Warner Bros.,NJYA9n_BPvo,"Act quick. 🦖 Get tickets now for The End of Oak Street, only in theaters and IMAX August 14.",2026-07-28T18:00:26Z,21045,528,15.0
Warner Bros.,QpurU7zKqs4,"Beast mode, activated. 🔨  #EndofOakStreet #FilmedForIMAX",2026-07-28T16:00:28Z,21075,712,14.0
Warner Bros.,qOMKnq0bH-U,"The End of Oak Street | ""Get Tickets"" | In Theaters & IMAX August 14",2026-07-28T14:05:16Z,8176140,757,48.0
Warner Bros.,0VDhvK8moNU,"The End of Oak Street | ""Get Away From Them"" Clip | In Theaters & IMAX August 14",2026-07-27T23:01:16Z,101874,2009,219.0
Warner Bros.,px1aoXQeduc,Summer ends on Oak Street. #EndofOakStreet,2026-07-27T19:00:38Z,25531,587,15.0
Warner Bros.,eE632g56Dz0,The inspiration behind Oak Street. 🦖 Get tickets now for The End of Oak Street.,2026-07-25T20:00:27Z,10904,325,9.0
Warner Bros.,lGm_ysfXyB4,Neighborhood alert. ❌ Alert the neighborhood. ✅ #EndofOakStreet #FilmedForIMAX,2026-07-25T17:00:16Z,17500,341,7.0
Warner Bros.,4VvTGHuxzRg,"""It's edgy, scary, thrilling and fun...but it is a family movie."" #EndofOakStreet",2026-07-24T22:00:20Z,9713,204,12.0
Warner Bros.,UEjYNvzithY,"The End of Oak Street | ""Have you seen any dinosaurs?!"" | Get tickets now",2026-07-24T16:36:41Z,9910548,1010,74.0
Warner Bros.,BeKtQBx37rM,Don’t mess with mother. Get tickets now for The End of Oak Street.,2026-07-24T16:00:08Z,20315,383,10.0
Warner Bros.,ot49rrmEFWc,Get tickets for The End of Oak Street before they disappear. 🦖 Tag who you are bringing.,2026-07-23T19:00:29Z,43758,1081,34.0
Warner Bros.,3X6uVtMdZi8,Mom and dad know what’s best for you. Get tickets now for #EndofOakStreet.,2026-07-23T17:00:03Z,14574,312,11.0
Warner Bros.,Ysrp6_qB5Mg,Audiences got a sneak peek of #EndofOakStreet in 4DX,2026-07-22T15:00:23Z,20005,914,25.0
Warner Bros.,u4tgctWuHc0,The End of Oak Street | Tickets now on sale | In Theaters & IMAX August 14,2026-07-22T13:07:01Z,428743,7845,808.0
Warner Bros.,lFvd6dYi3lk,"Dinosaurs have moved in. Get tickets now for #EndofOakStreet, only in theaters and IMAX August 14.",2026-07-22T13:00:32Z,27873,1514,39.0
Warner Bros.,8RjUOShW6hI,GRWM to survive dinosaurs taking over the neighborhood. #EndofOakStreet,2026-07-21T18:00:02Z,16725,595,18.0
Warner Bros.,atl0vszyt9Y,"Dinosaurs beware, he bites. The End of Oak Street in AMC theatres August 14. #EndofOakStreet",2026-07-21T14:00:30Z,25320,662,49.0
Warner Bros.,VCz3Q-d3hlE,That doesn't sound normal. #EndofOakStreet - only in theaters and IMAX August 14.,2026-07-20T16:00:21Z,24645,631,13.0
Warner Bros.,hs9sOk8stYE,"Read, and be rewarded. 🔥🔥🔥  #EvilDeadBurn is NOW PLAYING only in theaters.",2026-07-19T17:00:15Z,22120,546,6.0
Warner Bros.,pfy7UktTt2M,Neighborhood watch (out). #EndofOakStreet- only in theaters and IMAX August 14.,2026-07-19T16:15:19Z,26045,446,12.0
Warner Bros.,m_Lq4fFQgos,DIGGER | World Cup,2026-07-19T15:02:51Z,87824,2719,165.0
Warner Bros.,bvynTFi7gGM,DIGGER | World Cup,2026-07-19T14:21:19Z,62764,2542,164.0
Warner Bros.,LrC3nwbsHcA,Evil has returned. #EvilDeadBurn is NOW PLAYING only in theaters.,2026-07-18T17:00:20Z,93045,1390,24.0
Warner Bros.,I1XXgud5ovA,Give or take. Watch the new #DiggerMovie trailer. DIGGER only in theaters October 2.,2026-07-18T15:30:17Z,17087,335,9.0
Warner Bros.,CAyQc34RTQM,Knock knock...The End of Oak Street only in theaters and IMAX August 14. #EndofOakStreet,2026-07-18T15:03:26Z,22630,421,17.0
Warner Bros.,1B09aaEq1Tk,Most important thing we know. DIGGER only in theaters October 2. #DiggerMovie,2026-07-17T18:00:13Z,15283,302,8.0
Warner Bros.,Eg2sroNak9o,Granny’s up. #EvilDeadBurn is NOW PLAYING only in theaters. Get your tickets.,2026-07-17T17:15:24Z,20997,368,5.0
Warner Bros.,dY5WXueSc6U,Every couple fights. This couple fights dinosaurs. #EndofOakStreet #FilmedForIMAX,2026-07-17T16:00:37Z,522923,1840,50.0
Warner Bros.,BADqgl2Oy30,DIGGER | World Cup,2026-07-17T15:01:55Z,78528,2760,151.0
Warner Bros.,vTgNCD3WMTs,When all else fails... DIGGER only in theaters October 2. #DiggerMovie,2026-07-16T20:30:25Z,19931,484,19.0
Warner Bros.,DqopaY31gB4,A global celebration of soccer. A personal crisis for Daffy.,2026-07-16T18:00:22Z,37031,1371,81.0
Warner Bros.,VAJPonmwrrI,This mother bites back. Anne Hathaway stars in The End of Oak Street - in theaters August 14.,2026-07-16T17:00:59Z,542765,2457,93.0
Warner Bros.,CGGefOloGmU,Evil’s all around her. 🔥 #EvilDeadBurn is NOW PLAYING only in theaters. Get your tickets.,2026-07-15T17:00:01Z,14130,283,4.0
Warner Bros.,8ClcLdow3_E,Family bonding. The End of Oak Street is in theaters and IMAX August 14. #EndofOakStreet,2026-07-15T16:00:25Z,812272,1989,70.0
Warner Bros.,g5Rc_MTTO9M,The Lord of the Rings: The Hunt for Gollum | Start of Production,2026-07-14T19:00:05Z,217419,9645,798.0
Warner Bros.,VEEL7z1AoYg,Not a myth. #EvilDeadBurn is “one hell of a time.” NOW PLAYING only in theaters.,2026-07-14T17:00:27Z,22821,522,13.0
Warner Bros.,YzPy_n43z-0,It’s right on your heels. The End of Oak Street is in theaters and IMAX August 14. #EndofOakStreet,2026-07-14T15:00:03Z,38236,929,30.0
Warner Bros.,bDMjoptmoXI,Alice doesn’t play. 🔥 #EvilDeadBurn is NOW PLAYING only in theaters.,2026-07-13T16:00:27Z,16362,359,11.0
Warner Bros.,qORTe1wW3Wg,DIGGER | Official Trailer,2026-07-13T13:00:30Z,4798628,109053,7694.0
Warner Bros.,BuTwaO-KNjI,"Evil Dead Burn | ""Summer's Scariest Ride"" | Now Playing",2026-07-10T21:59:59Z,31791,702,50.0
Warner Bros.,gIxF-wYw6nM,It’s all a game… until… #EvilDeadBurn is NOW PLAYING only in theaters. Get your tickets.,2026-07-10T18:30:32Z,15303,432,12.0
Warner Bros.,tYudxEj7MzY,No more rest. 🔥 #EvilDeadBurn is NOW PLAYING only in theaters. Get your tickets.,2026-07-10T18:00:05Z,49345,508,26.0
Warner Bros.,aFvXFisc2yw,Get ready to scream together. 🔥 #EvilDeadBurn is NOW PLAYING only in theaters.,2026-07-10T16:30:24Z,19343,474,21.0
Warner Bros.,OESkfduA-z0,"Cheers, Deadites. 🔥 #EvilDeadBurn is NOW PLAYING only in theaters.",2026-07-10T16:00:17Z,22018,470,13.0
Warner Bros.,a5pwWTo9tJQ,We come to this place for terror. 🔥 #EvilDeadBurn is showing at Regal tonight. Get tickets now.,2026-07-09T22:00:37Z,15512,288,5.0
Warner Bros.,V6anfX6J50o,Kunda… Astratta… Certified… Fresh… #EvilDeadBurn only in theaters TONIGHT.,2026-07-09T20:30:16Z,21156,271,1.0
Warner Bros.,p4zNsXjPeMU,The neighborhood has moved. #EndofOakStreet – in theaters and IMAX August 14th. #FilmedForIMAX,2026-07-09T19:00:18Z,25213,380,5.0
Warner Bros.,-Ug_zJeCtYU,Push the throttle. 🔥 Get your tickets for #EvilDeadBurn NOW,2026-07-09T18:36:32Z,23319,550,9.0
Warner Bros.,euppUELn0jk,"Look fear in the face, over, and over, and over. 🔥 Get your tickets for #EvilDeadBurn NOW",2026-07-09T17:30:22Z,14702,336,7.0
Warner Bros.,KXEDrvzqcfg,🔥 TOMORROW 🔥 Get your tickets for #EvilDeadBurn NOW!,2026-07-09T16:00:36Z,15251,352,7.0
Warner Bros.,-hWl_vx6mpo,For all he’s done. Dune: Part Three only in theaters and IMAX December 18. #DuneMovie,2026-07-08T23:10:00Z,41066,717,15.0
Warner Bros.,bqwKY5DZay4,What can be forgiven? Dune: Part Three only in theaters and IMAX December 18. #DuneMovie,2026-07-08T23:05:26Z,21021,530,12.0
Warner Bros.,YA1P0zOIvCg,Beyond redemption. Dune: Part Three only in theaters and IMAX December 18. #DuneMovie,2026-07-08T23:00:11Z,53569,1527,28.0
Warner Bros.,g-V6FyO6DZ8,Human like everyone else. Dune: Part Three only in theaters and IMAX December 18. #DuneMovie,2026-07-08T22:15:14Z,28606,595,18.0
Warner Bros.,WnATfj6OGZ4,Risk everything. Dune: Part Three only in theaters and IMAX December 18. #DuneMovie,2026-07-08T22:10:13Z,35531,791,10.0
Warner Bros.,R1Oxhb-_DHc,Fear nothing. Dune: Part Three only in theaters and IMAX December 18. #DuneMovie,2026-07-08T22:05:12Z,57473,1281,26.0
Warner Bros.,bm6_jtQQnfE,The weight of power. Dune: Part Three only in theaters and IMAX December 18. #DuneMovie,2026-07-08T22:00:32Z,19807,391,17.0
Warner Bros.,zPMYxYOg75c,Any drinks with that? #EvilDeadBurn is showing at Regal Friday.,2026-07-08T19:32:55Z,20439,318,8.0
Warner Bros.,NdvqHc56lE0,Dune: Part Three | Official Trailer,2026-07-08T17:59:03Z,35214081,455893,20701.0
Warner Bros.,5A4Xy2kkXAs,"Evil Dead Burn | ""Family Dinner"" | In Theaters FRIDAY",2026-07-07T23:24:03Z,109181,2006,263.0
Warner Bros.,N2KmnPCOx8g,Etched in Evil Dead history. Get your tickets for #EvilDeadBurn NOW,2026-07-07T20:30:15Z,28368,687,24.0
Warner Bros.,dsL1aU1LTKA,Smile while you scream. Get your tickets for #EvilDeadBurn NOW,2026-07-07T20:00:12Z,17306,277,3.0
Warner Bros.,w5RdAS1_xUE,At least she isn't on her phone. #EvilDeadBurn is showing at Regal Friday. Get tickets today.,2026-07-07T18:30:44Z,21046,536,14.0
Warner Bros.,fAuudFa3EII,Embrace your inner Deadite. Play #EvilDeadBurn x @fortnite now: 9883-5619-8599.,2026-07-07T18:10:19Z,7843,121,3.0
Warner Bros.,cPFtFZAr_CM,"In this place, every seat is the hot seat. 🔥 Get your tickets for #EvilDeadBurn NOW",2026-07-07T16:30:06Z,79763,304,13.0
Warner Bros.,bC7doQLX0LY,"There's always one. Get your tickets to see #EvilDeadBurn 🔥, in theatres Friday.",2026-07-07T15:00:39Z,104129,310,10.0
Warner Bros.,wf99zdnVJEE,"Evil Dead Burn | ""Not a Conventional Horror"" | In Theaters FRIDAY",2026-07-07T02:19:20Z,37895,1175,50.0
Warner Bros.,dBb0EQSEGAk,"Scream, laugh, and everything in between on Oak Street. #EndofOakStreet – in theaters August 14th.",2026-07-06T22:00:52Z,24090,735,12.0
Warner Bros.,C_m15zzJGLo,Game on. 😈 Get your tickets for #EvilDeadBurn NOW – only in theaters Friday..,2026-07-06T21:00:26Z,21103,290,10.0
Warner Bros.,nSuFCRYQa6w,Take it from them. Get your tickets for #EvilDeadBurn NOW – only in theaters Friday.,2026-07-06T20:30:36Z,14818,411,11.0
Warner Bros.,UbQegMH9mgk,She’ll see you Friday. 🍿 #EvilDeadBurn is showing at Regal Friday.,2026-07-06T18:30:07Z,18071,329,13.0
Warner Bros.,22YVwBOIZ8g,… but that future is looking wayyy shorter. Get your tickets for #EvilDeadBurn NOW,2026-07-06T17:31:46Z,18653,346,9.0
Warner Bros.,fozgzZledLk,Sébastien knows how to heat things up. 🔥 Get your tickets for #EvilDeadBurn NOW,2026-07-05T21:00:31Z,13551,224,5.0
Warner Bros.,WsE7MliQGXs,The scariest movie of the year is almost here. 🔥 Get your tickets for #EvilDeadBurn NOW,2026-07-05T16:02:00Z,49578,1206,35.0
Warner Bros.,uVHShfd9yYo,You can’t miss the fireworks. 🔥 Get tickets now for #EvilDeadBurn,2026-07-04T16:00:24Z,23733,559,16.0
Warner Bros.,cLOFV-CWgjI,"Rumor has it, they are still screaming to this day. Get your tickets for #EvilDeadBurn NOW.",2026-07-03T20:00:05Z,21219,669,26.0
Warner Bros.,4UR_ogpeqSo,We’ll save you a seat at the table. Get your tickets for #EvilDeadBurn NOW.,2026-07-03T17:30:28Z,28878,784,12.0
Warner Bros.,1uIsGAGJoa4,"Grab your 🍿 and get your tickets to see #EvilDeadBurn 🔥, showing at Regal July 10.",2026-07-03T14:00:26Z,20944,391,10.0
Warner Bros.,ZerP2g91xY0,"Absolute cinema. Get your tickets to see #EvilDeadBurn 🔥, in theatres July 10.",2026-07-02T23:00:18Z,27149,866,32.0
Warner Bros.,sU9l31v1nr0,Burning bright at our #EvilDeadBurn Fan Event! 🔥 Get your tickets NOW.,2026-07-02T21:00:39Z,15294,652,7.0
Warner Bros.,7HTqroK74hQ,The words is out… and so are the Deadites. 😈 Get your tickets for #EvilDeadBurn NOW.,2026-07-02T16:30:17Z,271707,825,18.0
Warner Bros.,_SHWp2njFQE,Drop-dead gorgeous. ❤️‍🔥 Get your tickets for #EvilDeadBurn NOW – only in theaters July 10.,2026-07-01T20:00:32Z,24448,527,17.0
Warner Bros.,7i9Mq1w02wQ,"The man who lit the fuse, Sébastien Vaniček. Get your tickets for #EvilDeadBurn NOW.",2026-07-01T19:30:07Z,13688,295,9.0
Warner Bros.,Dk5LEV0hh0k,Hunter Doohan is on fire. 🔥 Get your tickets for #EvilDeadBurn NOW.,2026-07-01T19:00:35Z,22157,517,21.0
Warner Bros.,O4-cM03gelc,One hell of an entrance. 😈 Get your tickets for #EvilDeadBurn NOW.,2026-07-01T18:30:01Z,25453,808,28.0
Warner Bros.,hV3pPFvdSTk,We heard your screams. 🔥 Only available in our nightmares. #EvilDeadBurn,2026-06-30T15:00:27Z,19113,636,24.0
Warner Bros.,lmS0trelVuA,Some life advice for you. Get your tickets for #EvilDeadBurn NOW!,2026-06-29T17:00:10Z,31811,782,21.0
Warner Bros.,btnZsIS3qc8,Family secrets are finally catching up. Get your tickets for #EvilDeadBurn NOW.,2026-06-27T17:30:01Z,54074,1971,28.0
Warner Bros.,1SKOWfV76K8,Run all you want. They won’t stop looking. Get your tickets for #EvilDeadBurn NOW.,2026-06-25T21:30:38Z,41074,1328,19.0
Warner Bros.,RddZObTlmA8,Evil Dead Burn | Tickets on Sale,2026-06-24T19:00:49Z,508719,8410,442.0
Warner Bros.,Ho10_4IX1jE,Practical Magic 2 | Official Trailer,2026-06-24T16:00:38Z,20660025,22158,1301.0
Warner Bros.,PkGDlI9D4cM,"Evil Dead Burn | ""Just f*cking crazy"" BTS | In Theaters July 10",2026-06-24T04:33:27Z,30739,1120,62.0
Warner Bros.,Pd4Olzi0HEc,DIGGER - Tom Cruise Retrospective Trailer,2026-06-23T16:00:07Z,4814335,51627,2713.0
Warner Bros.,NTBFrTvK4hY,Supergirl World Premiere Live,2026-06-22T23:08:21Z,42686,1719,151.0
Warner Bros.,M3wYGIBkpmg,Temperatures are rising. 🔥 #EvilDeadBurn,2026-06-21T19:00:24Z,41967,1635,63.0
Warner Bros.,GfWoUHHqudY,Daddy’s with the Deadites now. #EvilDeadBurn – only in theaters July 10.,2026-06-21T17:29:18Z,279664,5544,155.0
Warner Bros.,AA0jxV9mlu8,"Evil Dead Burn | ""The Perfect Family"" Film Clip | In Theaters July 10",2026-06-21T17:27:05Z,567669,6970,278.0
Warner Bros.,qCPYUpmz1dc,A Deadites best friend. 🔥 #EvilDeadBurn  #NationalDogDadDay,2026-06-20T18:00:24Z,39874,1048,24.0
Warner Bros.,USex9jOv_L0,"Evil Dead Burn | ""Goodnight Susan"" Film Clip | In Theaters July 10",2026-06-19T01:22:25Z,289675,5158,286.0
Warner Bros.,EcKsl-jggIs,Pets really do play favorites. #EndofOakStreet #FilmedForIMAX,2026-06-18T22:00:11Z,29343,661,12.0
Warner Bros.,53K8aw3xmwg,"The End of Oak Street | ""Unknown"" | In Theaters & IMAX August 14",2026-06-17T18:21:54Z,55778,1695,102.0
Warner Bros.,3keKXMwInXc,Meet the Cat(s) in the Hat! #TheCatInTheHat,2026-06-17T16:30:13Z,22838,975,16.0
Warner Bros.,a-cpY1HbMGo,Where did the neighborhood of Oak Street go? #EndofOakStreet #FilmedForIMAX,2026-06-17T15:00:05Z,42774,1404,24.0
Warner Bros.,f7K9a-UPCrY,A neighborhood's best friend. #EndofOakStreet,2026-06-11T22:00:00Z,33244,1904,34.0
Warner Bros.,PzgMU9Qohjs,Sleep tight. Don’t let the Deadites bite. 🔥 #EvilDeadBurn,2026-06-11T21:33:21Z,58944,2781,43.0
Warner Bros.,CUnaaeoCqXQ,New trailer for The Cat In The Hat?!?! Best day ever! Watch the new trailer for #TheCatInTheHat,2026-06-11T19:00:09Z,26230,560,15.0
Warner Bros.,JJFraMxwgH8,Making mems with the family. ❤️‍🔥 #EvilDeadBurn only in theaters July 10.,2026-06-10T19:30:01Z,13540,501,7.0
Warner Bros.,XB-M3D2Bq-E,Trailer in a mailer. Watch the new trailer for #TheCatInTheHat,2026-06-10T00:16:14Z,38481,1240,47.0
Warner Bros.,JtpLhxp5t3o,It's a vibe thing. Watch the new trailer for #TheCatInTheHat - Only in theaters November 6.,2026-06-09T19:25:31Z,40431,504,30.0
Warner Bros.,z_WWsn3EfuM,Squeeze on in. Watch the new trailer for #TheCatInTheHat - Only in theaters November 6.,2026-06-09T19:20:20Z,32953,583,15.0
Warner Bros.,JGpSJjGIueg,Emotional rollercoaster. Watch the new trailer for #TheCatInTheHat - Only in theaters November 6.,2026-06-09T19:10:36Z,9932,228,5.0
Warner Bros.,vEu0aHjWNzM,Any questions? Watch the new trailer for #TheCatInTheHat - Only in theaters November 6.,2026-06-09T19:05:31Z,26259,337,23.0
Warner Bros.,QWM569TbsAc,Keep it together. Watch the new trailer for #TheCatInTheHat - Only in theaters November 6.,2026-06-09T19:00:12Z,9050,202,7.0
Warner Bros.,VjVT_pCzW-I,The Cat in the Hat has an all new lens. Try it out and tell your friends.,2026-06-09T17:30:09Z,18156,269,7.0
Warner Bros.,HT5JAp5z0-o,The Cat in the Hat | Official Trailer 3,2026-06-09T13:30:12Z,21553690,24038,2159.0
Warner Bros.,98kTRjCn-i0,Have you experienced the new trailer for The End of Oak Street?,2026-06-03T22:00:34Z,28792,501,27.0
Warner Bros.,Vvsc59dhVCo,“Finally we’re getting a new original dinosaur film for the new generation.” #EndofOakStreet,2026-06-03T21:00:27Z,13992,225,9.0
Warner Bros.,__peUsDqQ-4,Have you experienced the new trailer for #EndofOakStreet?,2026-06-01T22:00:01Z,61581,964,28.0
Warner Bros.,Q-sGIcgTrAo,"""This movie looks crazy!"" The End of Oak Street only in theaters and IMAX August 14. #EndofOakStreet",2026-06-01T21:10:43Z,667941,3802,74.0
Warner Bros.,L_EyyrAa8L8,Dad has always been a believer. #EndofOakStreet only in theaters and IMAX August 14. #FilmedForIMAX,2026-06-01T20:20:19Z,9898,223,3.0
Warner Bros.,UQ4i_4XK6ko,Protect your family at all costs. #EndofOakStreet only in theaters and IMAX August 14.,2026-06-01T20:15:09Z,10809,202,4.0
Warner Bros.,B-UCC9khAoc,Get inside now. #EndofOakStreet only in theaters and IMAX August 14. #FilmedForIMAX,2026-06-01T20:10:35Z,27118,409,8.0
Warner Bros.,4EM0EtmWdAI,Where is Oak Street? From Producer J.J. Abrams and the Director of “It Follows”,2026-06-01T20:05:29Z,11624,239,4.0
Warner Bros.,3-QX5quySpA,Did anybody else see it? #EndofOakStreet only in theaters and IMAX August 14.,2026-06-01T20:00:38Z,8631,162,2.0
Warner Bros.,_Xh9g0SNmTs,You heard the family. Watch the new trailer for #EndofOakStreet,2026-06-01T19:35:29Z,649887,781,28.0
Warner Bros.,K8CUT9jEiTs,"""This movie is so mysterious and I just have to know what's going on here."" #EndofOakStreet",2026-06-01T18:00:08Z,633711,727,21.0
Warner Bros.,3oB9AxspVow,The End of Oak Street | Official Trailer,2026-06-01T13:00:20Z,33379299,136356,9225.0
Warner Bros.,deMaEZoe8DU,Supergirl | Origins,2026-05-28T19:00:13Z,86941,3582,218.0
Warner Bros.,lZDZpB9NBNI,Supergirl | Krem,2026-05-28T18:00:38Z,63025,2586,186.0
Warner Bros.,j8JS0AiHzQ8,It's showtime. 😎 #MortalKombatMovie,2026-05-08T21:00:57Z,48037,1243,57.0
Warner Bros.,TnHby2cxJzs,Evil Dead Burn | Official Trailer,2026-05-07T16:52:53Z,16634609,57690,2885.0
Warner Bros.,0IWQIjx8xtg,"The fans summoned, the book of the dead answered. #EvilDeadBurn",2026-05-07T16:05:09Z,14716,404,12.0
Warner Bros.,elFjvTbN_7Q,Get forked. #EvilDeadBurn only in theaters July 10.,2026-05-05T20:20:00Z,11342,304,9.0
Warner Bros.,62INRo8U5pU,Let’s get to work. #EvilDeadBurn only in theaters July 10.,2026-05-05T20:15:00Z,10645,305,7.0
Warner Bros.,VOkqdSx0-9Q,You dropped some things. #EvilDeadBurn only in theaters July 10.,2026-05-05T20:10:00Z,13897,352,8.0
Warner Bros.,VOLah2iRrCU,Bottoms up. #EvilDeadBurn only in theaters July 10.,2026-05-05T20:05:00Z,9672,313,15.0
Warner Bros.,h-EIL9gNEn8,New fear unlocked. You’re welcome. #EvilDeadBurn only in theaters July 10.,2026-05-05T20:00:36Z,8835,238,4.0
Warner Bros.,f_010i692o8,You gotta listen to Johnny and Kano on this one. #MortalKombatMovie #FilmedForIMAX,2026-05-05T18:05:39Z,30662,597,24.0
Warner Bros.,aWfrDDmx9Kc,Evil Dead Burn only in theaters July 10,2026-05-05T16:06:14Z,208848,3234,77.0
Warner Bros.,nMzhf6qYJ4I,Evil Dead Burn | Official Trailer,2026-05-05T16:00:14Z,1859280,40084,2471.0
Warner Bros.,OSrCcBpW1a4,This is a royal order. 🪭,2026-05-03T17:00:34Z,27433,560,15.0
Warner Bros.,RFvkFFFzbuA,Stack your roster. You’ll need ‘em. #MortalKombatMovie#FilmedForIMAX,2026-05-01T22:00:26Z,25021,679,17.0
Warner Bros.,aJWOaLdyQRg,The time for kombat is NOW!,2026-04-29T16:00:04Z,44192,1363,26.0
Warner Bros.,HoR-7SK1S38,Bi-Han and Jax came with a vengeance. #MortalKombatMovie,2026-04-28T20:30:04Z,53624,1021,19.0
Warner Bros.,PwswikJAvE8,She slays in more ways than one. #MortalKombatMovie,2026-04-28T20:00:16Z,32604,794,35.0
Warner Bros.,bv9XK4t0eow,Liu Kang always brings the heat. 🔥 #MortalKombatMovie,2026-04-28T19:30:09Z,42101,766,58.0
Warner Bros.,uplC96wR3xI,Our Kitana knows how to stir up a fan frenzy. #MortalKombatMovie,2026-04-28T19:00:54Z,46258,989,11.0
Warner Bros.,ul4M0n21hIs,You know what time it is. Mortal Kombat II hits theaters and @imaxmovies May 8.,2026-04-26T18:00:56Z,66937,1686,34.0
Warner Bros.,oCr-Z5RtgZk,Go dig or go home. #DiggerShovel#DiggerMovie – only in theaters October 2026.,2026-04-25T16:01:19Z,13057,372,19.0
Warner Bros.,yeORqJ1t4i8,"Keep digging. 33.739°N, 116.266°W #DiggerShovel#DiggerMovie – only in theaters October 2026.",2026-04-24T22:07:41Z,14528,577,12.0
Warner Bros.,sjVE4BgNeXk,Mortal Kombat II | Techno Syndrome (Mortal Kumbia Version) by Amantes del Futuro,2026-04-24T14:17:08Z,68873,3326,254.0
Warner Bros.,F9wTeQKOma8,What will be the top fatality? GET OVER HERE and find out!,2026-04-23T19:00:23Z,117894,3290,76.0
Warner Bros.,U01HR8yAX1k,Mortal Kombat II | Let's F'ckn Go,2026-04-23T18:42:31Z,686103,18330,1483.0
Warner Bros.,iBWa8b4gcSs,This isn't a game. This is pure vengeance. Mortal Kombat Il hits theaters and @imaxmovies May 8.,2026-04-22T21:00:46Z,199021,3837,59.0
Warner Bros.,XhOuHV3r8Lo,Feel the fatalities. Mortal Kombat II arrives in theaters and @imaxmovies May 8. Get tickets now.,2026-04-22T20:00:25Z,111910,2369,33.0
Warner Bros.,bwJD1SXBq7M,"All action, no brakes. You down? Mortal Kombat II hits theaters and @imaxmovies May 8.",2026-04-21T16:33:02Z,33776,787,15.0
Warner Bros.,YYkUkyfjUKg,Evil Dead Burn | Date Announce Teaser,2026-04-21T16:00:17Z,1554255,49018,2438.0
Warner Bros.,jGKHTrAI3oM,The Owens sister are summoning you for something special. ✨,2026-04-20T21:32:17Z,22777,488,11.0
Warner Bros.,rdcb5-p8ndE,The magic returns.✨ #PracticalMagic2 is coming to theaters this September.,2026-04-20T16:08:04Z,23246,478,5.0
Warner Bros.,iSWP2feb4rw,Practical Magic 2 | Official Teaser Trailer,2026-04-20T16:01:08Z,18713451,31851,2066.0
Warner Bros.,U9tnPOLEydk,Looking for khaos? We got you. #MortalKombatMovie #FilmedForIMAX,2026-04-15T16:00:53Z,28583,882,18.0
Warner Bros.,NFYiO0xS2aM,"Trust us, you’re in for a bloody good time. #MortalKombatMovie #FilmedForIMAX",2026-04-14T16:36:22Z,47385,1288,29.0
Warner Bros.,iD9AdGgPaTQ,Lock in. It’s time. Mortal Kombat II arrives in theaters and @imaxmovies May 8. Get tickets now.,2026-04-13T17:30:21Z,47065,1122,12.0
Warner Bros.,7EWQZPcAVyk,From the ground up. #DiggerMovie – only in theaters October 2026.,2026-04-12T19:00:08Z,34690,1369,37.0
Warner Bros.,lW3BA5TDyQY,"No matter how you slice it, this is going to be krazy.",2026-04-12T17:01:00Z,29073,730,16.0
Warner Bros.,wOE9QyjNb0Q,"You’ve been chosen. Get your tickets to Mortal Kombat II, in theaters and @i@imaxmoviesay 8.",2026-04-11T17:01:09Z,66339,2094,24.0
Warner Bros.,BmwlzjAPtgs,Don’t miss out on the main event. Get your tickets for Mortal Kombat II - only in theaters May 8.,2026-04-10T18:00:18Z,60053,1445,34.0
Warner Bros.,zva2PQ-ud5Y,Mortal Kombat II | Tickets On Sale,2026-04-09T16:00:07Z,906003,20659,1305.0
Warner Bros.,M_dc2RxWBu4,"Mess with her, get the fan 🪭 Mortal Kombat II arrives in theaters and @imaxmovies May 8.",2026-04-08T19:00:30Z,54143,1339,37.0
Warner Bros.,TKiLsEVRPzc,Dune: Part Three | IMAX 70MM Tickets,2026-04-06T16:03:07Z,916284,19755,932.0
Warner Bros.,6wbMsDmJLCs,Lee Cronin's The Mummy | Tickets On Sale,2026-04-01T16:00:30Z,646863,4192,339.0
Warner Bros.,LMLYqexTHRk,Get tickets now for #LeeCroninsTheMummy.,2026-04-01T16:00:23Z,10876,492,13.0
Warner Bros.,SXE3Yl8I424,#TheyWillKillYouMovie is NOW PLAYING in theaters. Hell is more fun with friends. Tag yours below.,2026-03-27T17:00:00Z,35457,290,8.0
Warner Bros.,cB-4k33yFpk,"What’s next? Watch the trailer for The End of Oak Street, only in theaters and IMAX August 14.",2026-03-26T20:30:00Z,57265,785,27.0
Warner Bros.,rQbeZFSxOrM,"Run. Watch the trailer for The End of Oak Street, only in theaters and IMAX August 14.",2026-03-26T20:15:00Z,16207,336,5.0
Warner Bros.,z1KJajmwu-g,"Moved. Watch the trailer for The End of Oak Street, only in theaters and IMAX August 14.",2026-03-26T20:00:00Z,38635,549,18.0
Warner Bros.,IoHWPAN6FPg,The End of Oak Street | Official Teaser Trailer,2026-03-26T16:00:22Z,30307422,77433,4541.0
Warner Bros.,HMHh4L2626A,We bring you a special announcement,2026-03-25T04:03:22Z,248051,10940,1654.0
Warner Bros.,C8MctTD1o-0,A special satanic message from @tomfelton,2026-03-24T17:00:30Z,33159,350,14.0
Warner Bros.,yDLNcSDuMiQ,Dune: Part Three | Teaser Trailer Event,2026-03-17T19:18:33Z,156686,4372,234.0
Warner Bros.,_C8fh1iiSgk,Experience the epic conclusion. Dune: Part Three only in theaters and IMAX December 18.,2026-03-17T16:21:09Z,68774,2639,61.0
Warner Bros.,3_9vCamtuPY,Dune: Part Three | Official Teaser Trailer,2026-03-17T16:19:02Z,42780618,666201,31444.0
Warner Bros.,cGD4XntZK3w,Every satanist plays their part. Which one are you? #TheyWillKillYouMovie only in theaters March 27.,2026-03-16T16:00:56Z,20631,267,8.0
Warner Bros.,nmzb-M9s4hc,Tiring and worth every second. #TheyWillKillYouMovie is in theaters March 27.,2026-03-14T17:01:08Z,21475,490,18.0
